"session_id","window_id","timestamp","accel_x","accel_y","accel_z","gyro_x","gyro_y","gyro_z","linear_accel_x","linear_accel_y","linear_accel_z","latitude","longitude","speed","vibration_intensity","anomaly_score"
"dcfdbdd7-160d-437d-9195-a5ecfc083acd","1","1768025073421","-0.28500003","9.11295","3.726","0.0444125","0.0358875","-0.1117875","-1.178537368774414","7.0604963302612305","-3.04460340499878","15.3277167","74.1245839","2.288103E-4","7.7787639540585225","0.0"
"dcfdbdd7-160d-437d-9195-a5ecfc083acd","1","1768025073432","-0.28500003","9.11295","3.726","0.0444125","0.0358875","-0.1117875","-1.178537368774414","7.0604963302612305","-3.04460340499878","15.3277167","74.1245839","2.288103E-4","7.7787639540585225","0.0"
"dcfdbdd7-160d-437d-9195-a5ecfc083acd","1","1768025073443","-0.61095005","9.40005","3.59205","0.18865","-0.002475","-0.141625","-0.29552149772644043","-0.38290977478027344","0.25990814208984325","15.3277167","74.1245839","2.288103E-4","0.5490947946988319","0.0"
"dcfdbdd7-160d-437d-9195-a5ecfc083acd","1","1768025073454","-0.61095005","9.40005","3.59205","0.18865","-0.002475","-0.141625","-0.29552149772644043","-0.38290977478027344","0.25990814208984325","15.3277167","74.1245839","2.288103E-4","0.5490947946988319","0.0"
"dcfdbdd7-160d-437d-9195-a5ecfc083acd","1","1768025073465","-0.63000005","9.438001","2.94","0.24035","-0.0078375","-0.1725625","-0.8596401214599609","-0.27703556418418884","0.05410903930664013","15.3277167","74.1245839","2.288103E-4","0.9047970105947719","0.0"
"dcfdbdd7-160d-437d-9195-a5ecfc083acd","1","1768025073476","-0.63000005","9.438001","2.94","0.24035","-0.0078375","-0.1725625","-0.8596401214599609","-0.27703556418418884","0.05410903930664013","15.3277167","74.1245839","2.288103E-4","0.9047970105947719","0.0"
"dcfdbdd7-160d-437d-9195-a5ecfc083acd","1","1768025073486","-0.64905006","9.514951","2.59605","0.2629","0.01375","-0.22825","-1.138749361038208","-0.20721185207366943","0.006075325012206534","15.3277167","74.1245839","2.288103E-4","1.1574643702847753","0.0"
"dcfdbdd7-160d-437d-9195-a5ecfc083acd","1","1768025073497","-0.64905006","9.514951","2.59605","0.2629","0.01375","-0.22825","-1.138749361038208","-0.20721185207366943","0.006075325012206534","15.3277167","74.1245839","2.288103E-4","1.1574643702847753","0.0"
"dcfdbdd7-160d-437d-9195-a5ecfc083acd","1","1768025073507","-0.85995007","9.40005","2.59605","0.3091","0.0394625","-0.35915","-1.057502031326294","-0.38102489709854126","-0.08495861053466847","15.3277167","74.1245839","2.288103E-4","1.127257062063562","0.0"
"dcfdbdd7-160d-437d-9195-a5ecfc083acd","1","1768025073518","-0.85995007","9.40005","2.59605","0.3091","0.0394625","-0.35915","-1.057502031326294","-0.38102489709854126","-0.08495861053466847","15.3277167","74.1245839","2.288103E-4","1.127257062063562","0.0"
"dcfdbdd7-160d-437d-9195-a5ecfc083acd","1","1768025073529","-0.85995007","9.40005","2.59605","0.3091","0.0394625","-0.35915","-1.057502031326294","-0.38102489709854126","-0.08495861053466847","15.3277167","74.1245839","2.288103E-4","1.127257062063562","0.0"
"dcfdbdd7-160d-437d-9195-a5ecfc083acd","1","1768025073539","-0.822","9.342","2.6149502","0.3443","0.0474375","-0.443025","-0.9230170249938965","-0.2801019549369812","-0.1220584487915044","15.3277167","74.1245839","2.288103E-4","0.9722735204197892","0.0"
"dcfdbdd7-160d-437d-9195-a5ecfc083acd","1","1768025073550","-0.822","9.342","2.6149502","0.3443","0.0474375","-0.443025","-0.9230170249938965","-0.2801019549369812","-0.1220584487915044","15.3277167","74.1245839","2.288103E-4","0.9722735204197892","0.0"
"dcfdbdd7-160d-437d-9195-a5ecfc083acd","1","1768025073561","-0.53400004","9.32295","3.20895","0.422125","0.028875","-0.4849625","-0.2152538299560547","5.627274513244629E-4","0.06185955047607372","15.3277167","74.1245839","2.288103E-4","0.22396680994744844","0.0"
"dcfdbdd7-160d-437d-9195-a5ecfc083acd","1","1768025073571","-0.53400004","9.32295","3.20895","0.422125","0.028875","-0.4849625","-0.2152538299560547","5.627274513244629E-4","0.06185955047607372","15.3277167","74.1245839","2.288103E-4","0.22396680994744844","0.0"
"dcfdbdd7-160d-437d-9195-a5ecfc083acd","1","1768025073582","-0.40005","9.342","3.41895","0.4222625","0.0297","-0.4811125","0.11417651176452637","0.19113343954086304","0.14352554321289013","15.3277167","74.1245839","2.288103E-4","0.26489214617272244","0.0"
"dcfdbdd7-160d-437d-9195-a5ecfc083acd","1","1768025073593","-0.40005","9.342","3.41895","0.4222625","0.0297","-0.4811125","0.11417651176452637","0.19113343954086304","0.14352554321289013","15.3277167","74.1245839","2.288103E-4","0.26489214617272244","0.0"
"dcfdbdd7-160d-437d-9195-a5ecfc083acd","1","1768025073604","-0.132","9.41895","3.63","0.398475","0.0422125","-0.4896375","0.45342469215393066","0.5198453664779663","0.2615017318725581","15.3277167","74.1245839","2.288103E-4","0.7377101817623539","0.0"
"dcfdbdd7-160d-437d-9195-a5ecfc083acd","1","1768025073615","-0.132","9.41895","3.63","0.398475","0.0422125","-0.4896375","0.45342469215393066","0.5198453664779663","0.2615017318725581","15.3277167","74.1245839","2.288103E-4","0.7377101817623539","0.0"
"dcfdbdd7-160d-437d-9195-a5ecfc083acd","1","1768025073625","-0.132","9.41895","3.63","0.398475","0.0422125","-0.4896375","0.45342469215393066","0.5198453664779663","0.2615017318725581","15.3277167","74.1245839","2.288103E-4","0.7377101817623539","0.0"
"dcfdbdd7-160d-437d-9195-a5ecfc083acd","1","1768025073636","0.26895002","9.30405","3.5719502","0.3529625","0.0411125","-0.4560875","0.6175291538238525","0.9904399514198303","0.09122127532958935","15.3277167","74.1245839","2.288103E-4","1.170741164503784","0.0"
"dcfdbdd7-160d-437d-9195-a5ecfc083acd","1","1768025073647","0.26895002","9.30405","3.5719502","0.3529625","0.0411125","-0.4560875","0.6175291538238525","0.9904399514198303","0.09122127532958935","15.3277167","74.1245839","2.288103E-4","1.170741164503784","0.0"
"dcfdbdd7-160d-437d-9195-a5ecfc083acd","1","1768025073658","0.26895002","9.342","3.3430502","0.3064875","0.0221375","-0.3751","0.48772454261779785","1.1031689643859863","0.04223007202148388","15.3277167","74.1245839","2.288103E-4","1.2069135728953957","0.0"
"dcfdbdd7-160d-437d-9195-a5ecfc083acd","1","1768025073668","0.26895002","9.342","3.3430502","0.3064875","0.0221375","-0.3751","0.48772454261779785","1.1031689643859863","0.04223007202148388","15.3277167","74.1245839","2.288103E-4","1.2069135728953957","0.0"
"dcfdbdd7-160d-437d-9195-a5ecfc083acd","1","1768025073679","0.25005","9.24705","2.7109501","0.2677125","-0.0185625","-0.269225","2.796649932861328E-4","1.2207987308502197","-0.24812847137451222","15.3277167","74.1245839","2.288103E-4","1.2457597512219873","0.0"
"dcfdbdd7-160d-437d-9195-a5ecfc083acd","1","1768025073690","0.25005","9.24705","2.7109501","0.2677125","-0.0185625","-0.269225","2.796649932861328E-4","1.2207987308502197","-0.24812847137451222","15.3277167","74.1245839","2.288103E-4","1.2457597512219873","0.0"
"dcfdbdd7-160d-437d-9195-a5ecfc083acd","1","1768025073701","-0.075","9.09405","2.5770001","0.2673","-0.060775","-0.19635","-0.07550549507141113","0.934718906879425","-0.4042087173461919","15.3277167","74.1245839","2.288103E-4","1.0211685472254324","0.0"
"dcfdbdd7-160d-437d-9195-a5ecfc083acd","1","1768025073712","-0.075","9.09405","2.5770001","0.2673","-0.060775","-0.19635","-0.07550549507141113","0.934718906879425","-0.4042087173461919","15.3277167","74.1245839","2.288103E-4","1.0211685472254324","0.0"
"dcfdbdd7-160d-437d-9195-a5ecfc083acd","1","1768025073723","-0.075","9.09405","2.5770001","0.2673","-0.060775","-0.19635","-0.07550549507141113","0.934718906879425","-0.4042087173461919","15.3277167","74.1245839","2.288103E-4","1.0211685472254324","0.0"
"dcfdbdd7-160d-437d-9195-a5ecfc083acd","1","1768025073734","-0.45795003","9.208051","2.3850002","0.25547498","-0.1021625","-0.0889625","-0.29174160957336426","0.6289044618606567","-0.31234222412109425","15.3277167","74.1245839","2.288103E-4","0.760389146341274","0.0"
"dcfdbdd7-160d-437d-9195-a5ecfc083acd","1","1768025073744","-0.45795003","9.208051","2.3850002","0.25547498","-0.1021625","-0.0889625","-0.29174160957336426","0.6289044618606567","-0.31234222412109425","15.3277167","74.1245839","2.288103E-4","0.760389146341274","0.0"
"dcfdbdd7-160d-437d-9195-a5ecfc083acd","1","1768025073755","-0.55305004","9.151051","2.19405","0.2146375","-0.111375","-0.0248875","-0.41365838050842285","0.5548233985900879","-0.4088025665283208","15.3277167","74.1245839","2.288103E-4","0.8037796948094974","0.0"
"dcfdbdd7-160d-437d-9195-a5ecfc083acd","1","1768025073766","-0.55305004","9.151051","2.19405","0.2146375","-0.111375","-0.0248875","-0.41365838050842285","0.5548233985900879","-0.4088025665283208","15.3277167","74.1245839","2.288103E-4","0.8037796948094974","0.0"
"dcfdbdd7-160d-437d-9195-a5ecfc083acd","1","1768025073777","-0.53400004","9.016951","2.40405","0.1863125","-0.104499996","-0.0033","-0.1286911964416504","0.5027881264686584","-0.47722583770752003","15.3277167","74.1245839","2.288103E-4","0.7050544832387716","0.0"
"dcfdbdd7-160d-437d-9195-a5ecfc083acd","1","1768025073788","-0.53400004","9.016951","2.40405","0.1863125","-0.104499996","-0.0033","-0.1286911964416504","0.5027881264686584","-0.47722583770752003","15.3277167","74.1245839","2.288103E-4","0.7050544832387716","0.0"
"dcfdbdd7-160d-437d-9195-a5ecfc083acd","1","1768025073799","-0.53400004","9.016951","2.40405","0.1863125","-0.104499996","-0.0033","-0.1286911964416504","0.5027881264686584","-0.47722583770752003","15.3277167","74.1245839","2.288103E-4","0.7050544832387716","0.0"
"dcfdbdd7-160d-437d-9195-a5ecfc083acd","1","1768025073810","-0.70695","8.920951","2.7109501","0.1494625","-0.08965","0.022","0.1877117156982422","0.25139838457107544","-0.4647374725341802","15.3277167","74.1245839","2.288103E-4","0.5607296624513295","0.0"
"dcfdbdd7-160d-437d-9195-a5ecfc083acd","1","1768025073821","-0.68805003","8.920951","2.3850002","0.1439625","-0.07755","0.0191125","-0.08885717391967773","0.30677205324172974","-0.5556493377685552","15.3277167","74.1245839","2.288103E-4","0.6408984916270067","0.0"
"dcfdbdd7-160d-437d-9195-a5ecfc083acd","1","1768025073832","-0.68805003","8.920951","2.3850002","0.1439625","-0.07755","0.0191125","-0.08885717391967773","0.30677205324172974","-0.5556493377685552","15.3277167","74.1245839","2.288103E-4","0.6408984916270067","0.0"
"dcfdbdd7-160d-437d-9195-a5ecfc083acd","1","1768025073843","-0.68805003","8.920951","2.3850002","0.1439625","-0.07755","0.0191125","-0.08885717391967773","0.30677205324172974","-0.5556493377685552","15.3277167","74.1245839","2.288103E-4","0.6408984916270067","0.0"
"dcfdbdd7-160d-437d-9195-a5ecfc083acd","1","1768025073854","-0.64905006","9.1699505","2.05995","0.1772375","-0.054449998","0.0103124995","-0.4170713424682617","0.420269250869751","-0.4077621078491216","15.3277167","74.1245839","2.288103E-4","0.7189191084763698","0.0"
"dcfdbdd7-160d-437d-9195-a5ecfc083acd","1","1768025073865","-0.64905006","9.1699505","2.05995","0.1772375","-0.054449998","0.0103124995","-0.4170713424682617","0.420269250869751","-0.4077621078491216","15.3277167","74.1245839","2.288103E-4","0.7189191084763698","0.0"
"dcfdbdd7-160d-437d-9195-a5ecfc083acd","1","1768025073875","-0.49605003","9.649051","1.7149501","0.29479998","-0.03025","-0.003575","-0.7709375619888306","0.6731046438217163","-0.05070167541503956","15.3277167","74.1245839","2.288103E-4","1.0246878773116883","0.0"
"dcfdbdd7-160d-437d-9195-a5ecfc083acd","1","1768025073886","-0.49605003","9.649051","1.7149501","0.29479998","-0.03025","-0.003575","-0.7709375619888306","0.6731046438217163","-0.05070167541503956","15.3277167","74.1245839","2.288103E-4","1.0246878773116883","0.0"
"dcfdbdd7-160d-437d-9195-a5ecfc083acd","1","1768025073897","-0.22800002","10.375951","1.35105","0.38665","-2.75E-4","-0.056649998","-1.146820306777954","1.0794737339019775","0.536847534179687","15.3277167","74.1245839","2.288103E-4","1.6639307777601111","0.0"
"dcfdbdd7-160d-437d-9195-a5ecfc083acd","1","1768025073908","-0.22800002","10.375951","1.35105","0.38665","-2.75E-4","-0.056649998","-1.146820306777954","1.0794737339019775","0.536847534179687","15.3277167","74.1245839","2.288103E-4","1.6639307777601111","0.0"
"dcfdbdd7-160d-437d-9195-a5ecfc083acd","1","1768025073919","0.30705002","10.85505","1.31295","0.506","0.043175","-0.12375","-1.0720113515853882","1.6594229936599731","0.9485945129394526","15.3277167","74.1245839","2.288103E-4","2.191511934668437","0.0"
"dcfdbdd7-160d-437d-9195-a5ecfc083acd","1","1768025073930","0.30705002","10.85505","1.31295","0.506","0.043175","-0.12375","-1.0720113515853882","1.6594229936599731","0.9485945129394526","15.3277167","74.1245839","2.288103E-4","2.191511934668437","0.0"
"dcfdbdd7-160d-437d-9195-a5ecfc083acd","1","1768025073942","0.80505","10.70205","1.52295","0.549175","0.0594","-0.113299996","-0.5985087156295776","2.0758321285247803","0.8123373413085933","15.3277167","74.1245839","2.288103E-4","2.3080692503875615","0.0"
"dcfdbdd7-160d-437d-9195-a5ecfc083acd","1","1768025073953","0.80505","10.70205","1.52295","0.549175","0.0594","-0.113299996","-0.5985087156295776","2.0758321285247803","0.8123373413085933","15.3277167","74.1245839","2.288103E-4","2.3080692503875615","0.0"
"dcfdbdd7-160d-437d-9195-a5ecfc083acd","1","1768025073963","1.131","10.471951","2.3089502","0.5685625","0.071225","-0.0616","0.4124772548675537","2.2028613090515137","0.7374843978881831","15.3277167","74.1245839","2.288103E-4","2.3593682777022575","0.0"
"dcfdbdd7-160d-437d-9195-a5ecfc083acd","1","1768025073974","1.131","10.471951","2.3089502","0.5685625","0.071225","-0.0616","0.4124772548675537","2.2028613090515137","0.7374843978881831","15.3277167","74.1245839","2.288103E-4","2.3593682777022575","0.0"
"dcfdbdd7-160d-437d-9195-a5ecfc083acd","1","1768025073985","1.131","10.471951","2.3089502","0.5685625","0.071225","-0.0616","0.4124772548675537","2.2028613090515137","0.7374843978881831","15.3277167","74.1245839","2.288103E-4","2.3593682777022575","0.0"
"dcfdbdd7-160d-437d-9195-a5ecfc083acd","2","1768025073996","1.6290001","9.99405","3.45705","0.492525","0.07425","0.0312125","1.8344436883926392","2.3831586837768555","0.4584593200683589","15.327718","74.1245831","0.113093406","3.042172563498357","0.0"
"dcfdbdd7-160d-437d-9195-a5ecfc083acd","2","1768025074007","1.6290001","9.99405","3.45705","0.492525","0.07425","0.0312125","1.8344436883926392","2.3831586837768555","0.4584593200683589","15.327718","74.1245831","0.113093406","3.042172563498357","0.0"
"dcfdbdd7-160d-437d-9195-a5ecfc083acd","2","1768025074017","1.6290001","9.99405","3.45705","0.492525","0.07425","0.0312125","1.8344436883926392","2.3831586837768555","0.4584593200683589","15.327718","74.1245831","0.113093406","3.042172563498357","0.0"
"dcfdbdd7-160d-437d-9195-a5ecfc083acd","2","1768025074029","2.0689502","9.61095","4.26195","0.3947625","0.039049998","0.227975","2.8539443016052246","2.565032720565796","0.19453662872314403","15.327718","74.1245831","0.113093406","3.842165461579325","0.0"
"dcfdbdd7-160d-437d-9195-a5ecfc083acd","2","1768025074040","2.31795","9.32295","4.9510503","0.2330625","-0.0196625","0.52085","3.6594560146331787","2.5565121173858643","0.03255313873290966","15.327718","74.1245831","0.113093406","4.464127264787269","0.0"
"dcfdbdd7-160d-437d-9195-a5ecfc083acd","2","1768025074050","2.31795","9.32295","4.9510503","0.2330625","-0.0196625","0.52085","3.6594560146331787","2.5565121173858643","0.03255313873290966","15.327718","74.1245831","0.113093406","4.464127264787269","0.0"
"dcfdbdd7-160d-437d-9195-a5ecfc083acd","2","1768025074061","3.2749503","10.165951","4.3000503","-0.0078375","-0.02585","0.65285","3.0799365043640137","3.5634639263153076","0.6960939788818354","15.327718","74.1245831","0.113093406","4.761179565244318","0.0"
"dcfdbdd7-160d-437d-9195-a5ecfc083acd","2","1768025074072","3.2749503","10.165951","4.3000503","-0.0078375","-0.02585","0.65285","3.0799365043640137","3.5634639263153076","0.6960939788818354","15.327718","74.1245831","0.113093406","4.761179565244318","0.0"
"dcfdbdd7-160d-437d-9195-a5ecfc083acd","2","1768025074082","3.2749503","10.165951","4.3000503","-0.0078375","-0.02585","0.65285","3.0799365043640137","3.5634639263153076","0.6960939788818354","15.327718","74.1245831","0.113093406","4.761179565244318","0.0"
"dcfdbdd7-160d-437d-9195-a5ecfc083acd","2","1768025074093","3.7159503","12.44505","0.35505003","-0.2140875","-0.0451","0.7942","-1.081130862236023","4.756486415863037","2.232450904846191","15.327718","74.1245831","0.113093406","5.364405280002377","0.0"
"dcfdbdd7-160d-437d-9195-a5ecfc083acd","2","1768025074104","3.7159503","12.44505","0.35505003","-0.2140875","-0.0451","0.7942","-1.081130862236023","4.756486415863037","2.232450904846191","15.327718","74.1245831","0.113093406","5.364405280002377","0.0"
"dcfdbdd7-160d-437d-9195-a5ecfc083acd","2","1768025074114","5.3239503","14.340001","-4.16295","-0.0243375","-0.1705","0.9670375","-5.57460880279541","7.08131217956543","3.23181957244873","15.327718","74.1245831","0.113093406","9.574231208693911","0.0"
"dcfdbdd7-160d-437d-9195-a5ecfc083acd","2","1768025074125","5.3239503","14.340001","-4.16295","-0.0243375","-0.1705","0.9670375","-5.57460880279541","7.08131217956543","3.23181957244873","15.327718","74.1245831","0.113093406","9.574231208693911","0.0"
"dcfdbdd7-160d-437d-9195-a5ecfc083acd","2","1768025074136","5.86005","15.738001","0.70005006","0.527175","-0.36685","1.235025","-1.104431390762329","6.463791847229004","5.666259231567382","15.327718","74.1245831","0.113093406","8.666421834905565","0.0"
"dcfdbdd7-160d-437d-9195-a5ecfc083acd","2","1768025074146","5.86005","15.738001","0.70005006","0.527175","-0.36685","1.235025","-1.104431390762329","6.463791847229004","5.666259231567382","15.327718","74.1245831","0.113093406","8.666421834905565","0.0"
"dcfdbdd7-160d-437d-9195-a5ecfc083acd","2","1768025074157","2.394","15.967951","8.7619505","0.494725","-0.49774998","1.2874125","6.0541181564331055","0.9563907384872437","7.507951202392578","15.327718","74.1245831","0.113093406","9.692077236290748","0.0"
"dcfdbdd7-160d-437d-9195-a5ecfc083acd","2","1768025074168","2.394","15.967951","8.7619505","0.494725","-0.49774998","1.2874125","6.0541181564331055","0.9563907384872437","7.507951202392578","15.327718","74.1245831","0.113093406","9.692077236290748","0.0"
"dcfdbdd7-160d-437d-9195-a5ecfc083acd","2","1768025074178","2.394","15.967951","8.7619505","0.494725","-0.49774998","1.2874125","6.0541181564331055","0.9563907384872437","7.507951202392578","15.327718","74.1245831","0.113093406","9.692077236290748","0.0"
"dcfdbdd7-160d-437d-9195-a5ecfc083acd","2","1768025074189","-1.7020501","14.283001","6.4830003","0.01925","-0.4794625","1.1218625","3.385437488555908","-3.172668933868408","5.2698997879028315","15.327718","74.1245831","0.113093406","7.021314615326089","0.0"
"dcfdbdd7-160d-437d-9195-a5ecfc083acd","2","1768025074200","-1.7020501","14.283001","6.4830003","0.01925","-0.4794625","1.1218625","3.385437488555908","-3.172668933868408","5.2698997879028315","15.327718","74.1245831","0.113093406","7.021314615326089","0.0"
"dcfdbdd7-160d-437d-9195-a5ecfc083acd","2","1768025074211","-4.728","13.479001","-0.735","-0.1518","-0.4615875","0.77288747","-4.161416053771973","-4.89638090133667","2.96833080291748","15.327718","74.1245831","0.113093406","7.078341420072525","0.0"
"dcfdbdd7-160d-437d-9195-a5ecfc083acd","2","1768025074222","-4.728","13.479001","-0.735","-0.1518","-0.4615875","0.77288747","-4.161416053771973","-4.89638090133667","2.96833080291748","15.327718","74.1245831","0.113093406","7.078341420072525","0.0"
"dcfdbdd7-160d-437d-9195-a5ecfc083acd","2","1768025074232","-5.9539504","12.271951","-3.7800002","0.0526625","-0.4153875","-0.080575","-7.262072563171387","-5.470673561096191","1.0377077484130854","15.327718","74.1245831","0.113093406","9.151109468035013","0.0"
"dcfdbdd7-160d-437d-9195-a5ecfc083acd","2","1768025074243","-5.9539504","12.271951","-3.7800002","0.0526625","-0.4153875","-0.080575","-7.262072563171387","-5.470673561096191","1.0377077484130854","15.327718","74.1245831","0.113093406","9.151109468035013","0.0"
"dcfdbdd7-160d-437d-9195-a5ecfc083acd","2","1768025074254","-5.16795","10.281","-0.42900002","0.4994","-0.46048748","-0.5886375","-3.530880928039551","-5.358970642089844","-0.24940067291259815","15.327718","74.1245831","0.113093406","6.422451803355439","0.0"
"dcfdbdd7-160d-437d-9195-a5ecfc083acd","2","1768025074264","-5.16795","10.281","-0.42900002","0.4994","-0.46048748","-0.5886375","-3.530880928039551","-5.358970642089844","-0.24940067291259815","15.327718","74.1245831","0.113093406","6.422451803355439","0.0"
"dcfdbdd7-160d-437d-9195-a5ecfc083acd","2","1768025074275","-4.15395","7.1400003","2.80605","0.722975","-0.52195","-1.0218999","0.4268474578857422","-4.906848907470703","-2.6093416786193853","15.327718","74.1245831","0.113093406","5.573870194831431","0.0"
"dcfdbdd7-160d-437d-9195-a5ecfc083acd","2","1768025074286","-4.15395","7.1400003","2.80605","0.722975","-0.52195","-1.0218999","0.4268474578857422","-4.906848907470703","-2.6093416786193853","15.327718","74.1245831","0.113093406","5.573870194831431","0.0"
"dcfdbdd7-160d-437d-9195-a5ecfc083acd","2","1768025074296","-4.15395","7.1400003","2.80605","0.722975","-0.52195","-1.0218999","0.4268474578857422","-4.906848907470703","-2.6093416786193853","15.327718","74.1245831","0.113093406","5.573870194831431","0.0"
"dcfdbdd7-160d-437d-9195-a5ecfc083acd","2","1768025074307","-3.1960502","3.6360002","4.70205","0.7154125","-0.5632","-1.2313125","3.0676894187927246","-4.388177871704102","-5.701753196716309","15.327718","74.1245831","0.113093406","7.821560772643209","0.0"
"dcfdbdd7-160d-437d-9195-a5ecfc083acd","2","1768025074318","-3.1960502","3.6360002","4.70205","0.7154125","-0.5632","-1.2313125","3.0676894187927246","-4.388177871704102","-5.701753196716309","15.327718","74.1245831","0.113093406","7.821560772643209","0.0"
"dcfdbdd7-160d-437d-9195-a5ecfc083acd","2","1768025074329","-2.775","2.52495","3.4380002","0.5605875","-0.5759875","-1.5184125","2.1414222717285156","-3.607698917388916","-6.929955062866211","15.327718","74.1245831","0.113093406","8.100954141194055","0.0"
"dcfdbdd7-160d-437d-9195-a5ecfc083acd","2","1768025074340","-2.775","2.52495","3.4380002","0.5605875","-0.5759875","-1.5184125","2.1414222717285156","-3.607698917388916","-6.929955062866211","15.327718","74.1245831","0.113093406","8.100954141194055","0.0"
"dcfdbdd7-160d-437d-9195-a5ecfc083acd","2","1768025074350","-2.04705","4.44","0.37395","0.0174625","-0.4976125","-1.874675","-0.7121211290359497","-1.822283387184143","-5.313776550292969","15.327718","74.1245831","0.113093406","5.662513088026393","0.0"
"dcfdbdd7-160d-437d-9195-a5ecfc083acd","2","1768025074361","-2.04705","4.44","0.37395","0.0174625","-0.4976125","-1.874675","-0.7121211290359497","-1.822283387184143","-5.313776550292969","15.327718","74.1245831","0.113093406","5.662513088026393","0.0"
"dcfdbdd7-160d-437d-9195-a5ecfc083acd","2","1768025074372","-0.822","8.845051","-0.40995002","-0.4107125","-0.3696","-2.17085","-1.3528473377227783","0.20503434538841248","-1.0232797241210942","15.327718","74.1245831","0.113093406","1.708606565529293","0.0"
"dcfdbdd7-160d-437d-9195-a5ecfc083acd","2","1768025074382","-0.822","8.845051","-0.40995002","-0.4107125","-0.3696","-2.17085","-1.3528473377227783","0.20503434538841248","-1.0232797241210942","15.327718","74.1245831","0.113093406","1.708606565529293","0.0"
"dcfdbdd7-160d-437d-9195-a5ecfc083acd","2","1768025074393","-0.822","8.845051","-0.40995002","-0.4107125","-0.3696","-2.17085","-1.3528473377227783","0.20503434538841248","-1.0232797241210942","15.327718","74.1245831","0.113093406","1.708606565529293","0.0"
"dcfdbdd7-160d-437d-9195-a5ecfc083acd","2","1768025074404","-3.6169503","15.010951","7.3639503","-0.2682625","-0.3202375","-2.435675","4.591056823730469","-3.5870025157928467","6.273976745605468","15.327718","74.1245831","0.113093406","8.561960874205424","0.0"
"dcfdbdd7-160d-437d-9195-a5ecfc083acd","2","1768025074415","-3.6169503","15.010951","7.3639503","-0.2682625","-0.3202375","-2.435675","4.591056823730469","-3.5870025157928467","6.273976745605468","15.327718","74.1245831","0.113093406","8.561960874205424","0.0"
"dcfdbdd7-160d-437d-9195-a5ecfc083acd","2","1768025074425","-3.4069502","16.983002","14.908951","-0.1370875","-0.271425","-2.39525","11.747486114501953","-4.68964958190918","9.224448623657226","15.327718","74.1245831","0.113093406","15.655244987607471","0.0"
"dcfdbdd7-160d-437d-9195-a5ecfc083acd","2","1768025074436","-3.4069502","16.983002","14.908951","-0.1370875","-0.271425","-2.39525","11.747486114501953","-4.68964958190918","9.224448623657226","15.327718","74.1245831","0.113093406","15.655244987607471","0.0"
"dcfdbdd7-160d-437d-9195-a5ecfc083acd","2","1768025074447","0.26895002","15.163951","13.318951","-0.667975","-0.073699996","-2.0884874","11.900494575500488","-0.3653254508972168","6.488988342285156","15.327718","74.1245831","0.113093406","13.559579769775407","0.0"
"dcfdbdd7-160d-437d-9195-a5ecfc083acd","2","1768025074458","0.26895002","15.163951","13.318951","-0.667975","-0.073699996","-2.0884874","11.900494575500488","-0.3653254508972168","6.488988342285156","15.327718","74.1245831","0.113093406","13.559579769775407","0.0"
"dcfdbdd7-160d-437d-9195-a5ecfc083acd","2","1768025074468","1.7820001","13.861951","4.8360004","-2.1203876","0.419375","-0.6771875","4.60979700088501","4.246264934539795","3.585339965820312","15.327718","74.1245831","0.113093406","7.220502541664193","0.0"
"dcfdbdd7-160d-437d-9195-a5ecfc083acd","2","1768025074479","1.7820001","13.861951","4.8360004","-2.1203876","0.419375","-0.6771875","4.60979700088501","4.246264934539795","3.585339965820312","15.327718","74.1245831","0.113093406","7.220502541664193","0.0"
"dcfdbdd7-160d-437d-9195-a5ecfc083acd","2","1768025074490","1.7820001","13.861951","4.8360004","-2.1203876","0.419375","-0.6771875","4.60979700088501","4.246264934539795","3.585339965820312","15.327718","74.1245831","0.113093406","7.220502541664193","0.0"
"dcfdbdd7-160d-437d-9195-a5ecfc083acd","2","1768025074501","2.96895","11.50605","-2.0370002","-2.3214126","0.510125","0.1909875","-1.8008828163146973","7.1307830810546875","-0.2568870162963872","15.327718","74.1245831","0.113093406","7.3591600883725174","0.0"
"dcfdbdd7-160d-437d-9195-a5ecfc083acd","2","1768025074511","2.96895","11.50605","-2.0370002","-2.3214126","0.510125","0.1909875","-1.8008828163146973","7.1307830810546875","-0.2568870162963872","15.327718","74.1245831","0.113093406","7.3591600883725174","0.0"
"dcfdbdd7-160d-437d-9195-a5ecfc083acd","2","1768025074522","6.2050505","7.65705","-2.9560502","-1.5229499","0.32835","0.9483375","-1.7020155191421509","8.971778869628906","-5.06852108001709","15.327718","74.1245831","0.113093406","10.444116949340335","0.0"
"dcfdbdd7-160d-437d-9195-a5ecfc083acd","2","1768025074533","6.2050505","7.65705","-2.9560502","-1.5229499","0.32835","0.9483375","-1.7020155191421509","8.971778869628906","-5.06852108001709","15.327718","74.1245831","0.113093406","10.444116949340335","0.0"
"dcfdbdd7-160d-437d-9195-a5ecfc083acd","2","1768025074543","6.6840005","5.05305","1.0639501","-0.807675","0.1128875","1.575475","2.239879608154297","7.396933078765869","-6.402731475830079","15.327718","74.1245831","0.113093406","10.036266735313056","0.0"
"dcfdbdd7-160d-437d-9195-a5ecfc083acd","2","1768025074554","6.6840005","5.05305","1.0639501","-0.807675","0.1128875","1.575475","2.239879608154297","7.396933078765869","-6.402731475830079","15.327718","74.1245831","0.113093406","10.036266735313056","0.0"
"dcfdbdd7-160d-437d-9195-a5ecfc083acd","2","1768025074564","4.42395","3.5020502","3.41895","-0.361625","0.00605","1.987975","3.8083508014678955","4.228206157684326","-6.471790370941163","15.327718","74.1245831","0.113093406","8.617733677964733","0.0"
"dcfdbdd7-160d-437d-9195-a5ecfc083acd","2","1768025074575","4.42395","3.5020502","3.41895","-0.361625","0.00605","1.987975","3.8083508014678955","4.228206157684326","-6.471790370941163","15.327718","74.1245831","0.113093406","8.617733677964733","0.0"
"dcfdbdd7-160d-437d-9195-a5ecfc083acd","2","1768025074585","4.42395","3.5020502","3.41895","-0.361625","0.00605","1.987975","3.8083508014678955","4.228206157684326","-6.471790370941163","15.327718","74.1245831","0.113093406","8.617733677964733","0.0"
"dcfdbdd7-160d-437d-9195-a5ecfc083acd","2","1768025074596","3.6010501","1.3570501","3.2659502","-0.2101","0.0287375","2.1928499","3.7678744792938232","2.927294969558716","-8.16390031337738","15.327718","74.1245831","0.113093406","9.45596120218779","0.0"
"dcfdbdd7-160d-437d-9195-a5ecfc083acd","2","1768025074606","3.6010501","1.3570501","3.2659502","-0.2101","0.0287375","2.1928499","3.7678744792938232","2.927294969558716","-8.16390031337738","15.327718","74.1245831","0.113093406","9.45596120218779","0.0"
"dcfdbdd7-160d-437d-9195-a5ecfc083acd","2","1768025074617","3.0259502","0.591","0.81495005","-0.29205","0.06545","2.2523875","1.4384591579437256","2.8063600063323975","-9.335680303573609","15.327718","74.1245831","0.113093406","9.853920436290643","0.0"
"dcfdbdd7-160d-437d-9195-a5ecfc083acd","2","1768025074627","3.0259502","0.591","0.81495005","-0.29205","0.06545","2.2523875","1.4384591579437256","2.8063600063323975","-9.335680303573609","15.327718","74.1245831","0.113093406","9.853920436290643","0.0"
"dcfdbdd7-160d-437d-9195-a5ecfc083acd","2","1768025074638","3.6769502","1.5300001","-1.8270001","-0.754325","0.0928125","2.36005","-1.173063039779663","4.160480499267578","-9.093674776554108","15.327718","74.1245831","0.113093406","10.068793166105822","0.0"
"dcfdbdd7-160d-437d-9195-a5ecfc083acd","2","1768025074648","3.6769502","1.5300001","-1.8270001","-0.754325","0.0928125","2.36005","-1.173063039779663","4.160480499267578","-9.093674776554108","15.327718","74.1245831","0.113093406","10.068793166105822","0.0"
"dcfdbdd7-160d-437d-9195-a5ecfc083acd","2","1768025074659","3.6769502","1.5300001","-1.8270001","-0.754325","0.0928125","2.36005","-1.173063039779663","4.160480499267578","-9.093674776554108","15.327718","74.1245831","0.113093406","10.068793166105822","0.0"
"dcfdbdd7-160d-437d-9195-a5ecfc083acd","2","1768025074669","4.57695","4.287","-0.63900006","-0.337975","-0.22","2.8139374","-0.8245667219161987","4.914326190948486","-5.949346599578858","15.327718","74.1245831","0.113093406","7.760492068925424","0.0"
"dcfdbdd7-160d-437d-9195-a5ecfc083acd","2","1768025074680","4.57695","4.287","-0.63900006","-0.337975","-0.22","2.8139374","-0.8245667219161987","4.914326190948486","-5.949346599578858","15.327718","74.1245831","0.113093406","7.760492068925424","0.0"
"dcfdbdd7-160d-437d-9195-a5ecfc083acd","2","1768025074691","5.5729504","7.8300004","0.83400005","0.7194","-0.69795","3.4809499","-0.582123875617981","5.253567695617676","-1.7400928115844732","15.327718","74.1245831","0.113093406","5.564778947265567","0.0"
"dcfdbdd7-160d-437d-9195-a5ecfc083acd","2","1768025074701","5.5729504","7.8300004","0.83400005","0.7194","-0.69795","3.4809499","-0.582123875617981","5.253567695617676","-1.7400928115844732","15.327718","74.1245831","0.113093406","5.564778947265567","0.0"
"dcfdbdd7-160d-437d-9195-a5ecfc083acd","2","1768025074712","3.3330002","12.424951","5.35305","2.2191124","-1.0307","3.9147625","1.5712664127349854","0.8691492080688477","4.007349433898925","15.327718","74.1245831","0.113093406","4.391258130769109","0.0"
"dcfdbdd7-160d-437d-9195-a5ecfc083acd","2","1768025074723","3.3330002","12.424951","5.35305","2.2191124","-1.0307","3.9147625","1.5712664127349854","0.8691492080688477","4.007349433898925","15.327718","74.1245831","0.113093406","4.391258130769109","0.0"
"dcfdbdd7-160d-437d-9195-a5ecfc083acd","2","1768025074733","-0.89805007","17.92095","11.44305","1.735525","-0.8644625","3.2778625","5.2617716789245605","-7.169759750366211","9.524390640258789","15.327718","74.1245831","0.113093406","13.030952119755224","0.0"
"dcfdbdd7-160d-437d-9195-a5ecfc083acd","2","1768025074744","-0.89805007","17.92095","11.44305","1.735525","-0.8644625","3.2778625","5.2617716789245605","-7.169759750366211","9.524390640258789","15.327718","74.1245831","0.113093406","13.030952119755224","0.0"
"dcfdbdd7-160d-437d-9195-a5ecfc083acd","2","1768025074755","-4.1730003","18.189001","9.70005","-0.5776375","-0.0301125","1.3352625","3.4216537475585938","-11.418153762817383","7.518092575073242","15.327718","74.1245831","0.113093406","14.092681280966158","0.0"
"dcfdbdd7-160d-437d-9195-a5ecfc083acd","2","1768025074765","-4.1730003","18.189001","9.70005","-0.5776375","-0.0301125","1.3352625","3.4216537475585938","-11.418153762817383","7.518092575073242","15.327718","74.1245831","0.113093406","14.092681280966158","0.0"
"dcfdbdd7-160d-437d-9195-a5ecfc083acd","2","1768025074776","-4.1730003","18.189001","9.70005","-0.5776375","-0.0301125","1.3352625","3.4216537475585938","-11.418153762817383","7.518092575073242","15.327718","74.1245831","0.113093406","14.092681280966158","0.0"
"dcfdbdd7-160d-437d-9195-a5ecfc083acd","2","1768025074787","-4.4220004","16.140001","5.16195","-1.2491875","0.5795625","-0.271425","-0.6898431777954102","-10.258298873901367","4.367126884460449","15.327718","74.1245831","0.113093406","11.170513713398062","0.0"
"dcfdbdd7-160d-437d-9195-a5ecfc083acd","2","1768025074797","-4.4220004","16.140001","5.16195","-1.2491875","0.5795625","-0.271425","-0.6898431777954102","-10.258298873901367","4.367126884460449","15.327718","74.1245831","0.113093406","11.170513713398062","0.0"
"dcfdbdd7-160d-437d-9195-a5ecfc083acd","2","1768025074808","-4.4220004","16.140001","5.16195","-1.2491875","0.5795625","-0.271425","-0.6898431777954102","-10.258298873901367","4.367126884460449","15.327718","74.1245831","0.113093406","11.170513713398062","0.0"
"dcfdbdd7-160d-437d-9195-a5ecfc083acd","2","1768025074819","-4.4220004","13.861951","1.2360001","-0.997975","0.7720625","-1.4388","-4.074105739593506","-8.291487693786621","1.4987749481201167","15.327718","74.1245831","0.113093406","9.359136290209486","0.0"
"dcfdbdd7-160d-437d-9195-a5ecfc083acd","2","1768025074830","-3.69405","10.20405","0.39405003","-0.1243","0.5352875","-2.3241625","-3.704716205596924","-5.960390567779541","-1.523098526000977","15.327718","74.1245831","0.113093406","7.181295635496017","0.0"
"dcfdbdd7-160d-437d-9195-a5ecfc083acd","2","1768025074840","-3.69405","10.20405","0.39405003","-0.1243","0.5352875","-2.3241625","-3.704716205596924","-5.960390567779541","-1.523098526000977","15.327718","74.1245831","0.113093406","7.181295635496017","0.0"
"dcfdbdd7-160d-437d-9195-a5ecfc083acd","2","1768025074851","-2.2770002","6.4129505","1.1400001","0.277475","0.278025","-2.520375","-1.3936578035354614","-3.540046453475952","-4.053607044219971","15.327718","74.1245831","0.113093406","5.559311201495444","0.0"
"dcfdbdd7-160d-437d-9195-a5ecfc083acd","2","1768025074862","-2.2770002","6.4129505","1.1400001","0.277475","0.278025","-2.520375","-1.3936578035354614","-3.540046453475952","-4.053607044219971","15.327718","74.1245831","0.113093406","5.559311201495444","0.0"
"dcfdbdd7-160d-437d-9195-a5ecfc083acd","2","1768025074873","-2.2770002","6.4129505","1.1400001","0.277475","0.278025","-2.520375","-1.3936578035354614","-3.540046453475952","-4.053607044219971","15.327718","74.1245831","0.113093406","5.559311201495444","0.0"
"dcfdbdd7-160d-437d-9195-a5ecfc083acd","2","1768025074884","-0.24705002","2.9269502","3.4770002","0.2899875","-0.0160875","-2.363625","2.323676347732544","-1.4470903873443604","-6.173510131835938","15.327718","74.1245831","0.113093406","6.753204402802946","0.0"
"dcfdbdd7-160d-437d-9195-a5ecfc083acd","2","1768025074895","-0.24705002","2.9269502","3.4770002","0.2899875","-0.0160875","-2.363625","2.323676347732544","-1.4470903873443604","-6.173510131835938","15.327718","74.1245831","0.113093406","6.753204402802946","0.0"
"dcfdbdd7-160d-437d-9195-a5ecfc083acd","2","1768025074906","0.786","1.8550501","2.7109501","0.037675","-0.11825","-2.2419374","2.1977782249450684","-0.05544149875640869","-7.245832500457764","15.327718","74.1245831","0.113093406","7.572013702478164","0.0"
"dcfdbdd7-160d-437d-9195-a5ecfc083acd","2","1768025074916","0.786","1.8550501","2.7109501","0.037675","-0.11825","-2.2419374","2.1977782249450684","-0.05544149875640869","-7.245832500457764","15.327718","74.1245831","0.113093406","7.572013702478164","0.0"
"dcfdbdd7-160d-437d-9195-a5ecfc083acd","2","1768025074927","0.786","1.8550501","2.7109501","0.037675","-0.11825","-2.2419374","2.1977782249450684","-0.05544149875640869","-7.245832500457764","15.327718","74.1245831","0.113093406","7.572013702478164","0.0"
"dcfdbdd7-160d-437d-9195-a5ecfc083acd","2","1768025074938","0.039","3.5400002","-1.4250001","-0.1750375","-0.20075","-2.13235","-2.2438971996307373","0.4068354666233063","-6.75007158279419","15.327718","74.1245831","0.113093406","7.124889901764021","0.0"
"dcfdbdd7-160d-437d-9195-a5ecfc083acd","3","1768025074948","0.039","3.5400002","-1.4250001","-0.1750375","-0.20075","-2.13235","-2.2438971996307373","0.4068354666233063","-6.75007158279419","15.3277166","74.1245853","0.122867666","7.124889901764021","0.0"
"dcfdbdd7-160d-437d-9195-a5ecfc083acd","3","1768025074959","-2.0659502","7.8109503","-3.05205","-0.176","-0.2891625","-2.295975","-5.351022720336914","-0.7588701844215393","-3.0731769180297857","15.3277166","74.1245853","0.122867666","6.217213562350653","0.0"
"dcfdbdd7-160d-437d-9195-a5ecfc083acd","3","1768025074970","-2.0659502","7.8109503","-3.05205","-0.176","-0.2891625","-2.295975","-5.351022720336914","-0.7588701844215393","-3.0731769180297857","15.3277166","74.1245853","0.122867666","6.217213562350653","0.0"
"dcfdbdd7-160d-437d-9195-a5ecfc083acd","3","1768025074981","-2.7940502","11.238001","2.6920502","0.3903625","-0.4736875","-2.4772","-0.8232951164245605","-2.2465338706970215","1.8356766128540034","15.3277166","74.1245853","0.122867666","3.015698577095632","0.0"
"dcfdbdd7-160d-437d-9195-a5ecfc083acd","3","1768025074992","-2.7940502","11.238001","2.6920502","0.3903625","-0.4736875","-2.4772","-0.8232951164245605","-2.2465338706970215","1.8356766128540034","15.3277166","74.1245853","0.122867666","3.015698577095632","0.0"
"dcfdbdd7-160d-437d-9195-a5ecfc083acd","3","1768025075002","-1.5300001","13.82295","13.836","1.136025","-0.704825","-2.3108249","9.624549865722656","-3.3734798431396484","6.948205413818359","15.3277166","74.1245853","0.122867666","12.340578788795373","0.0"
"dcfdbdd7-160d-437d-9195-a5ecfc083acd","3","1768025075013","-1.5300001","13.82295","13.836","1.136025","-0.704825","-2.3108249","9.624549865722656","-3.3734798431396484","6.948205413818359","15.3277166","74.1245853","0.122867666","12.340578788795373","0.0"
"dcfdbdd7-160d-437d-9195-a5ecfc083acd","3","1768025075024","1.437","11.20005","16.65105","0.726825","-0.58355","-1.8437375","14.21102523803711","-1.7400484085083008","4.324449005126953","15.3277166","74.1245853","0.122867666","14.955997659067195","0.0"
"dcfdbdd7-160d-437d-9195-a5ecfc083acd","3","1768025075035","1.437","11.20005","16.65105","0.726825","-0.58355","-1.8437375","14.21102523803711","-1.7400484085083008","4.324449005126953","15.3277166","74.1245853","0.122867666","14.955997659067195","0.0"
"dcfdbdd7-160d-437d-9195-a5ecfc083acd","3","1768025075046","1.437","11.20005","16.65105","0.726825","-0.58355","-1.8437375","14.21102523803711","-1.7400484085083008","4.324449005126953","15.3277166","74.1245853","0.122867666","14.955997659067195","0.0"
"dcfdbdd7-160d-437d-9195-a5ecfc083acd","3","1768025075056","3.3330002","9.802051","11.136001","-0.8111125","-0.19855","-0.85153747","10.324234008789062","1.597749948501587","1.2379402542114253","15.3277166","74.1245853","0.122867666","10.520223801762516","0.0"
"dcfdbdd7-160d-437d-9195-a5ecfc083acd","3","1768025075067","2.29905","9.74505","3.9550502","-2.0070875","0.0325875","0.4835875","3.1856484413146973","3.2822213172912598","-0.06460624694824268","15.3277166","74.1245853","0.122867666","4.574440592518026","0.0"
"dcfdbdd7-160d-437d-9195-a5ecfc083acd","3","1768025075078","2.29905","9.74505","3.9550502","-2.0070875","0.0325875","0.4835875","3.1856484413146973","3.2822213172912598","-0.06460624694824268","15.3277166","74.1245853","0.122867666","4.574440592518026","0.0"
"dcfdbdd7-160d-437d-9195-a5ecfc083acd","3","1768025075088","2.29905","9.74505","3.9550502","-2.0070875","0.0325875","0.4835875","3.1856484413146973","3.2822213172912598","-0.06460624694824268","15.3277166","74.1245853","0.122867666","4.574440592518026","0.0"
"dcfdbdd7-160d-437d-9195-a5ecfc083acd","3","1768025075099","1.743","9.285001","-0.00795","-1.8338375","0.0050875","0.7816875","-1.0351266860961914","3.951571464538574","-1.2916102981567388","15.3277166","74.1245853","0.122867666","4.284234057323264","0.0"
"dcfdbdd7-160d-437d-9195-a5ecfc083acd","3","1768025075110","1.743","9.285001","-0.00795","-1.8338375","0.0050875","0.7816875","-1.0351266860961914","3.951571464538574","-1.2916102981567388","15.3277166","74.1245853","0.122867666","4.284234057323264","0.0"
"dcfdbdd7-160d-437d-9195-a5ecfc083acd","3","1768025075121","1.4749501","7.9830003","1.31295","-1.2376375","-0.17765","1.0637","-0.07723164558410645","2.9124410152435303","-2.1197891807556157","15.3277166","74.1245853","0.122867666","3.6030242248978785","0.0"
"dcfdbdd7-160d-437d-9195-a5ecfc083acd","3","1768025075131","1.4749501","7.9830003","1.31295","-1.2376375","-0.17765","1.0637","-0.07723164558410645","2.9124410152435303","-2.1197891807556157","15.3277166","74.1245853","0.122867666","3.6030242248978785","0.0"
"dcfdbdd7-160d-437d-9195-a5ecfc083acd","3","1768025075142","1.4940001","6.2590504","3.0550501","-0.64556247","-0.292875","0.99605","1.6315584182739258","1.8706148862838745","-3.133182106018067","15.3277166","74.1245853","0.122867666","3.9972506844704094","0.0"
"dcfdbdd7-160d-437d-9195-a5ecfc083acd","3","1768025075153","1.4940001","6.2590504","3.0550501","-0.64556247","-0.292875","0.99605","1.6315584182739258","1.8706148862838745","-3.133182106018067","15.3277166","74.1245853","0.122867666","3.9972506844704094","0.0"
"dcfdbdd7-160d-437d-9195-a5ecfc083acd","3","1768025075164","1.9350001","5.0149503","2.6530502","-0.3232625","-0.2965875","0.850025","1.628013014793396","2.0212035179138184","-4.406580505371094","15.3277166","74.1245853","0.122867666","5.114063138785093","0.0"
"dcfdbdd7-160d-437d-9195-a5ecfc083acd","3","1768025075174","1.9350001","5.0149503","2.6530502","-0.3232625","-0.2965875","0.850025","1.628013014793396","2.0212035179138184","-4.406580505371094","15.3277166","74.1245853","0.122867666","5.114063138785093","0.0"
"dcfdbdd7-160d-437d-9195-a5ecfc083acd","3","1768025075185","1.9350001","5.0149503","2.6530502","-0.3232625","-0.2965875","0.850025","1.628013014793396","2.0212035179138184","-4.406580505371094","15.3277166","74.1245853","0.122867666","5.114063138785093","0.0"
"dcfdbdd7-160d-437d-9195-a5ecfc083acd","3","1768025075196","2.31795","5.2249503","0.87195003","-0.3227125","-0.2066625","0.78842497","0.05851536989212036","2.904008388519287","-4.810339031219483","15.3277166","74.1245853","0.122867666","5.6192571007542975","0.0"
"dcfdbdd7-160d-437d-9195-a5ecfc083acd","3","1768025075207","2.31795","5.2249503","0.87195003","-0.3227125","-0.2066625","0.78842497","0.05851536989212036","2.904008388519287","-4.810339031219483","15.3277166","74.1245853","0.122867666","5.6192571007542975","0.0"
"dcfdbdd7-160d-437d-9195-a5ecfc083acd","3","1768025075218","2.7769501","6.1249504","0.75705004","-0.66495","-0.1376375","1.01915","-0.23545175790786743","3.4538142681121826","-3.9949055290222173","15.3277166","74.1245853","0.122867666","5.286165029085781","0.0"
"dcfdbdd7-160d-437d-9195-a5ecfc083acd","3","1768025075229","2.7769501","6.1249504","0.75705004","-0.66495","-0.1376375","1.01915","-0.23545175790786743","3.4538142681121826","-3.9949055290222173","15.3277166","74.1245853","0.122867666","5.286165029085781","0.0"
"dcfdbdd7-160d-437d-9195-a5ecfc083acd","3","1768025075239","2.35605","6.9300003","2.73","-0.661375","-0.31955","1.4763374","0.8849343061447144","2.445823907852173","-2.4436154937744146","15.3277166","74.1245853","0.122867666","3.568812126720525","0.0"
"dcfdbdd7-160d-437d-9195-a5ecfc083acd","3","1768025075250","2.35605","6.9300003","2.73","-0.661375","-0.31955","1.4763374","0.8849343061447144","2.445823907852173","-2.4436154937744146","15.3277166","74.1245853","0.122867666","3.568812126720525","0.0"
"dcfdbdd7-160d-437d-9195-a5ecfc083acd","3","1768025075261","0.67095006","9.016951","4.6260004","-0.0314875","-0.622325","1.6498625","0.8987925052642822","0.3275032043457031","0.30139774322509716","15.3277166","74.1245853","0.122867666","1.0029590799215737","0.0"
"dcfdbdd7-160d-437d-9195-a5ecfc083acd","3","1768025075272","0.67095006","9.016951","4.6260004","-0.0314875","-0.622325","1.6498625","0.8987925052642822","0.3275032043457031","0.30139774322509716","15.3277166","74.1245853","0.122867666","1.0029590799215737","0.0"
"dcfdbdd7-160d-437d-9195-a5ecfc083acd","3","1768025075282","0.67095006","9.016951","4.6260004","-0.0314875","-0.622325","1.6498625","0.8987925052642822","0.3275032043457031","0.30139774322509716","15.3277166","74.1245853","0.122867666","1.0029590799215737","0.0"
"dcfdbdd7-160d-437d-9195-a5ecfc083acd","3","1768025075293","0.32595003","10.530001","3.76395","0.8476875","-0.7486875","1.3138125","-0.7009050846099854","0.04965317249298096","1.3551582717895503","15.3277166","74.1245853","0.122867666","1.5264951086624514","0.0"
"dcfdbdd7-160d-437d-9195-a5ecfc083acd","3","1768025075304","0.32595003","10.530001","3.76395","0.8476875","-0.7486875","1.3138125","-0.7009050846099854","0.04965317249298096","1.3551582717895503","15.3277166","74.1245853","0.122867666","1.5264951086624514","0.0"
"dcfdbdd7-160d-437d-9195-a5ecfc083acd","3","1768025075315","1.07295","10.663951","2.6920502","1.4092375","-0.630575","0.645425","-1.3012776374816895","0.6773037910461426","1.142905654907226","15.3277166","74.1245853","0.122867666","1.859649765733946","0.0"
"dcfdbdd7-160d-437d-9195-a5ecfc083acd","3","1768025075326","1.07295","10.663951","2.6920502","1.4092375","-0.630575","0.645425","-1.3012776374816895","0.6773037910461426","1.142905654907226","15.3277166","74.1245853","0.122867666","1.859649765733946","0.0"
"dcfdbdd7-160d-437d-9195-a5ecfc083acd","3","1768025075337","1.743","10.989","5.6790004","1.3930125","-0.5402375","0.4431625","1.6797375679016113","-0.14497196674346924","2.567588272094726","15.3277166","74.1245853","0.122867666","3.071651787419901","0.0"
"dcfdbdd7-160d-437d-9195-a5ecfc083acd","3","1768025075347","1.743","10.989","5.6790004","1.3930125","-0.5402375","0.4431625","1.6797375679016113","-0.14497196674346924","2.567588272094726","15.3277166","74.1245853","0.122867666","3.071651787419901","0.0"
"dcfdbdd7-160d-437d-9195-a5ecfc083acd","3","1768025075358","1.8769501","10.873951","8.7619505","0.616825","-0.1991","0.21779999","4.754022598266602","-1.536659836769104","3.3648046874999995","15.3277166","74.1245853","0.122867666","6.023617260732188","0.0"
"dcfdbdd7-160d-437d-9195-a5ecfc083acd","3","1768025075369","1.8769501","10.873951","8.7619505","0.616825","-0.1991","0.21779999","4.754022598266602","-1.536659836769104","3.3648046874999995","15.3277166","74.1245853","0.122867666","6.023617260732188","0.0"
"dcfdbdd7-160d-437d-9195-a5ecfc083acd","3","1768025075379","1.8769501","10.873951","8.7619505","0.616825","-0.1991","0.21779999","4.754022598266602","-1.536659836769104","3.3648046874999995","15.3277166","74.1245853","0.122867666","6.023617260732188","0.0"
"dcfdbdd7-160d-437d-9195-a5ecfc083acd","3","1768025075390","2.3370001","10.05105","7.1530504","-0.1841125","0.1117875","0.1516625","3.897566556930542","-0.6347579956054688","2.1087831878662104","15.3277166","74.1245853","0.122867666","4.476707418641031","0.0"
"dcfdbdd7-160d-437d-9195-a5ecfc083acd","3","1768025075401","2.3370001","10.05105","7.1530504","-0.1841125","0.1117875","0.1516625","3.897566556930542","-0.6347579956054688","2.1087831878662104","15.3277166","74.1245853","0.122867666","4.476707418641031","0.0"
"dcfdbdd7-160d-437d-9195-a5ecfc083acd","3","1768025075412","2.12595","9.74505","2.979","-0.27995","0.1324125","0.1150875","0.1891481876373291","0.7855557203292847","0.5682119750976558","15.3277166","74.1245853","0.122867666","0.9877953610302727","0.0"
"dcfdbdd7-160d-437d-9195-a5ecfc083acd","3","1768025075423","2.12595","9.74505","2.979","-0.27995","0.1324125","0.1150875","0.1891481876373291","0.7855557203292847","0.5682119750976558","15.3277166","74.1245853","0.122867666","0.9877953610302727","0.0"
"dcfdbdd7-160d-437d-9195-a5ecfc083acd","3","1768025075433","1.30305","9.99405","0.96795005","-0.121","0.0598125","0.0017875","-1.9319640398025513","0.7899127006530762","0.09754508972167919","15.3277166","74.1245853","0.122867666","2.089488494888651","0.0"
"dcfdbdd7-160d-437d-9195-a5ecfc083acd","3","1768025075444","1.30305","9.99405","0.96795005","-0.121","0.0598125","0.0017875","-1.9319640398025513","0.7899127006530762","0.09754508972167919","15.3277166","74.1245853","0.122867666","2.089488494888651","0.0"
"dcfdbdd7-160d-437d-9195-a5ecfc083acd","3","1768025075455","0.86295","9.687","1.7530501","0.0353375","-0.037125","-0.1243","-1.2188435792922974","0.08507013320922852","-0.0037255859375004974","15.3277166","74.1245853","0.122867666","1.2218144205798491","0.0"
"dcfdbdd7-160d-437d-9195-a5ecfc083acd","3","1768025075466","0.86295","9.687","1.7530501","0.0353375","-0.037125","-0.1243","-1.2188435792922974","0.08507013320922852","-0.0037255859375004974","15.3277166","74.1245853","0.122867666","1.2218144205798491","0.0"
"dcfdbdd7-160d-437d-9195-a5ecfc083acd","3","1768025075476","0.99705005","8.883","2.9980502","0.12155","-0.153725","-0.271975","0.20983266830444336","-0.25005286931991577","-0.3874974822998052","15.3277166","74.1245853","0.122867666","0.5066660487259564","0.0"
"dcfdbdd7-160d-437d-9195-a5ecfc083acd","3","1768025075487","0.99705005","8.883","2.9980502","0.12155","-0.153725","-0.271975","0.20983266830444336","-0.25005286931991577","-0.3874974822998052","15.3277166","74.1245853","0.122867666","0.5066660487259564","0.0"
"dcfdbdd7-160d-437d-9195-a5ecfc083acd","3","1768025075498","0.99705005","8.883","2.9980502","0.12155","-0.153725","-0.271975","0.20983266830444336","-0.25005286931991577","-0.3874974822998052","15.3277166","74.1245853","0.122867666","0.5066660487259564","0.0"
"dcfdbdd7-160d-437d-9195-a5ecfc083acd","3","1768025075509","1.284","8.11695","2.94","0.1101375","-0.1901625","-0.41593748","0.5395853519439697","0.06293940544128418","-1.0989709472656255","15.3277166","74.1245853","0.122867666","1.2259081791568676","0.0"
"dcfdbdd7-160d-437d-9195-a5ecfc083acd","3","1768025075520","1.284","8.11695","2.94","0.1101375","-0.1901625","-0.41593748","0.5395853519439697","0.06293940544128418","-1.0989709472656255","15.3277166","74.1245853","0.122867666","1.2259081791568676","0.0"
"dcfdbdd7-160d-437d-9195-a5ecfc083acd","3","1768025075531","1.6480501","7.8109503","2.634","0.07205","-0.2448875","-0.45787498","0.558051586151123","0.5625386238098145","-1.4411826705932622","15.3277166","74.1245853","0.122867666","1.6446515637368153","0.0"
"dcfdbdd7-160d-437d-9195-a5ecfc083acd","3","1768025075541","1.6480501","7.8109503","2.634","0.07205","-0.2448875","-0.45787498","0.558051586151123","0.5625386238098145","-1.4411826705932622","15.3277166","74.1245853","0.122867666","1.6446515637368153","0.0"
"dcfdbdd7-160d-437d-9195-a5ecfc083acd","3","1768025075552","1.4749501","7.90605","2.3470502","0.0290125","-0.375925","-0.3337125","0.26482880115509033","0.5743815898895264","-1.455976066589356","15.3277166","74.1245853","0.122867666","1.5874239544640476","0.0"
"dcfdbdd7-160d-437d-9195-a5ecfc083acd","3","1768025075563","1.4749501","7.90605","2.3470502","0.0290125","-0.375925","-0.3337125","0.26482880115509033","0.5743815898895264","-1.455976066589356","15.3277166","74.1245853","0.122867666","1.5874239544640476","0.0"
"dcfdbdd7-160d-437d-9195-a5ecfc083acd","3","1768025075574","1.092","8.00205","2.50005","-0.01485","-0.4376625","-0.2440625","0.2464756965637207","0.19340932369232178","-1.3614869689941411","15.3277166","74.1245853","0.122867666","1.3970698630449896","0.0"
"dcfdbdd7-160d-437d-9195-a5ecfc083acd","3","1768025075585","1.092","8.00205","2.50005","-0.01485","-0.4376625","-0.2440625","0.2464756965637207","0.19340932369232178","-1.3614869689941411","15.3277166","74.1245853","0.122867666","1.3970698630449896","0.0"
"dcfdbdd7-160d-437d-9195-a5ecfc083acd","3","1768025075595","0.84300005","8.710951","2.9209502","0.0691625","-0.5534375","-0.186175","0.30573248863220215","-0.17063236236572266","-0.5904183959960942","15.3277166","74.1245853","0.122867666","0.6864267186104774","0.0"
"dcfdbdd7-160d-437d-9195-a5ecfc083acd","3","1768025075606","0.84300005","8.710951","2.9209502","0.0691625","-0.5534375","-0.186175","0.30573248863220215","-0.17063236236572266","-0.5904183959960942","15.3277166","74.1245853","0.122867666","0.6864267186104774","0.0"
"dcfdbdd7-160d-437d-9195-a5ecfc083acd","3","1768025075617","0.84300005","8.710951","2.9209502","0.0691625","-0.5534375","-0.186175","0.30573248863220215","-0.17063236236572266","-0.5904183959960942","15.3277166","74.1245853","0.122867666","0.6864267186104774","0.0"
"dcfdbdd7-160d-437d-9195-a5ecfc083acd","3","1768025075627","1.0350001","8.845051","3.5149503","0.3790875","-0.6875","-0.2517625","0.8469648361206055","-0.2655712366104126","-0.2772584533691411","15.3277166","74.1245853","0.122867666","0.9299192251503546","0.0"
"dcfdbdd7-160d-437d-9195-a5ecfc083acd","3","1768025075638","1.0350001","8.845051","3.5149503","0.3790875","-0.6875","-0.2517625","0.8469648361206055","-0.2655712366104126","-0.2772584533691411","15.3277166","74.1245853","0.122867666","0.9299192251503546","0.0"
"dcfdbdd7-160d-437d-9195-a5ecfc083acd","3","1768025075649","1.092","8.95905","3.76395","0.586025","-0.7689","-0.3031875","1.0571086406707764","-0.3623999357223511","-0.09529167175293018","15.3277166","74.1245853","0.122867666","1.1215582438276885","0.0"
"dcfdbdd7-160d-437d-9195-a5ecfc083acd","3","1768025075659","1.092","8.95905","3.76395","0.586025","-0.7689","-0.3031875","1.0571086406707764","-0.3623999357223511","-0.09529167175293018","15.3277166","74.1245853","0.122867666","1.1215582438276885","0.0"
"dcfdbdd7-160d-437d-9195-a5ecfc083acd","3","1768025075670","0.90105003","9.208051","4.05105","0.428175","-0.70785","-0.3625875","1.1938261985778809","-0.7156463861465454","0.19368595123290966","15.3277166","74.1245853","0.122867666","1.4053060129809882","0.0"
"dcfdbdd7-160d-437d-9195-a5ecfc083acd","3","1768025075681","0.90105003","9.208051","4.05105","0.428175","-0.70785","-0.3625875","1.1938261985778809","-0.7156463861465454","0.19368595123290966","15.3277166","74.1245853","0.122867666","1.4053060129809882","0.0"
"dcfdbdd7-160d-437d-9195-a5ecfc083acd","3","1768025075692","0.51795","9.30405","4.35795","0.23485","-0.6303","-0.4002625","1.2875595092773438","-1.2199034690856934","0.3230833435058589","15.3277166","74.1245853","0.122867666","1.8028745964899355","0.0"
"dcfdbdd7-160d-437d-9195-a5ecfc083acd","3","1768025075702","0.51795","9.30405","4.35795","0.23485","-0.6303","-0.4002625","1.2875595092773438","-1.2199034690856934","0.3230833435058589","15.3277166","74.1245853","0.122867666","1.8028745964899355","0.0"
"dcfdbdd7-160d-437d-9195-a5ecfc083acd","3","1768025075713","0.51795","9.30405","4.35795","0.23485","-0.6303","-0.4002625","1.2875595092773438","-1.2199034690856934","0.3230833435058589","15.3277166","74.1245853","0.122867666","1.8028745964899355","0.0"
"dcfdbdd7-160d-437d-9195-a5ecfc083acd","3","1768025075724","0.30705002","9.40005","4.45305","-0.122925","-0.50105","-0.38665","1.2576167583465576","-1.4320052862167358","0.41998809814453075","15.3277166","74.1245853","0.122867666","1.9515709193390436","0.0"
"dcfdbdd7-160d-437d-9195-a5ecfc083acd","3","1768025075735","0.30705002","9.40005","4.45305","-0.122925","-0.50105","-0.38665","1.2576167583465576","-1.4320052862167358","0.41998809814453075","15.3277166","74.1245853","0.122867666","1.9515709193390436","0.0"
"dcfdbdd7-160d-437d-9195-a5ecfc083acd","3","1768025075746","0.11595","9.45705","4.51095","-0.3933875","-0.393525","-0.371525","1.1470015048980713","-1.5556740760803223","0.48864978790283153","15.3277166","74.1245853","0.122867666","1.9936180422649388","0.0"
"dcfdbdd7-160d-437d-9195-a5ecfc083acd","3","1768025075757","0.11595","9.45705","4.51095","-0.3933875","-0.393525","-0.371525","1.1470015048980713","-1.5556740760803223","0.48864978790283153","15.3277166","74.1245853","0.122867666","1.9936180422649388","0.0"
"dcfdbdd7-160d-437d-9195-a5ecfc083acd","3","1768025075768","-0.036000002","9.8209505","4.49205","-0.4816625","-0.3386625","-0.380875","0.8652017116546631","-1.5330500602722168","0.8451437377929683","15.3277166","74.1245853","0.122867666","1.9527120695795055","0.0"
"dcfdbdd7-160d-437d-9195-a5ecfc083acd","3","1768025075778","-0.036000002","9.8209505","4.49205","-0.4816625","-0.3386625","-0.380875","0.8652017116546631","-1.5330500602722168","0.8451437377929683","15.3277166","74.1245853","0.122867666","1.9527120695795055","0.0"
"dcfdbdd7-160d-437d-9195-a5ecfc083acd","3","1768025075789","-0.112950005","10.089001","3.381","-0.483175","-0.2677125","-0.4901875","-0.20972824096679688","-0.8451682925224304","0.7953552627563472","15.3277166","74.1245853","0.122867666","1.1793580337363736","0.0"
"dcfdbdd7-160d-437d-9195-a5ecfc083acd","3","1768025075800","-0.112950005","10.089001","3.381","-0.483175","-0.2677125","-0.4901875","-0.20972824096679688","-0.8451682925224304","0.7953552627563472","15.3277166","74.1245853","0.122867666","1.1793580337363736","0.0"
"dcfdbdd7-160d-437d-9195-a5ecfc083acd","3","1768025075811","-0.112950005","10.089001","3.381","-0.483175","-0.2677125","-0.4901875","-0.20972824096679688","-0.8451682925224304","0.7953552627563472","15.3277166","74.1245853","0.122867666","1.1793580337363736","0.0"
"dcfdbdd7-160d-437d-9195-a5ecfc083acd","3","1768025075822","-0.112950005","10.089001","3.381","-0.483175","-0.2677125","-0.4901875","-0.20972824096679688","-0.8451682925224304","0.7953552627563472","15.3277166","74.1245853","0.122867666","1.1793580337363736","0.0"
"dcfdbdd7-160d-437d-9195-a5ecfc083acd","3","1768025075832","-0.05595","9.24705","3.1320002","-0.38073748","-0.246675","-0.5927625","-0.16943764686584473","-0.5978413820266724","-0.06657176971435597","15.3277166","74.1245853","0.122867666","0.624944185317295","0.0"
"dcfdbdd7-160d-437d-9195-a5ecfc083acd","3","1768025075843","0.11595","9.41895","4.8169503","-0.2619375","-0.2204125","-0.6430875","1.1548867225646973","-1.1880617141723633","0.6392988586425776","15.3277166","74.1245853","0.122867666","1.7759383461427103","0.0"
"dcfdbdd7-160d-437d-9195-a5ecfc083acd","3","1768025075854","0.11595","9.41895","4.8169503","-0.2619375","-0.2204125","-0.6430875","1.1548867225646973","-1.1880617141723633","0.6392988586425776","15.3277166","74.1245853","0.122867666","1.7759383461427103","0.0"
"dcfdbdd7-160d-437d-9195-a5ecfc083acd","3","1768025075865","0.32595003","9.016951","5.9280005","-0.2820125","-0.1775125","-0.604175","2.220564842224121","-1.538464069366455","0.6425146484374995","15.3277166","74.1245853","0.122867666","2.776797613206658","0.0"
"dcfdbdd7-160d-437d-9195-a5ecfc083acd","3","1768025075876","0.32595003","9.016951","5.9280005","-0.2820125","-0.1775125","-0.604175","2.220564842224121","-1.538464069366455","0.6425146484374995","15.3277166","74.1245853","0.122867666","2.776797613206658","0.0"
"dcfdbdd7-160d-437d-9195-a5ecfc083acd","3","1768025075887","0.51795","8.82495","4.85505","-0.38953748","-0.1073875","-0.5432625","1.5094020366668701","-0.6777306795120239","0.13896602630615185","15.3277166","74.1245853","0.122867666","1.6603990299663653","0.0"
"dcfdbdd7-160d-437d-9195-a5ecfc083acd","3","1768025075898","0.51795","8.82495","4.85505","-0.38953748","-0.1073875","-0.5432625","1.5094020366668701","-0.6777306795120239","0.13896602630615185","15.3277166","74.1245853","0.122867666","1.6603990299663653","0.0"
"dcfdbdd7-160d-437d-9195-a5ecfc083acd","3","1768025075909","0.57495004","9.016951","3.15105","-0.4618625","-0.0402875","-0.4566375","0.13185715675354004","0.47464096546173096","-0.2537246322631841","15.3277166","74.1245853","0.122867666","0.5541178077797714","0.0"
"dcfdbdd7-160d-437d-9195-a5ecfc083acd","3","1768025075920","0.57495004","9.016951","3.15105","-0.4618625","-0.0402875","-0.4566375","0.13185715675354004","0.47464096546173096","-0.2537246322631841","15.3277166","74.1245853","0.122867666","0.5541178077797714","0.0"
"dcfdbdd7-160d-437d-9195-a5ecfc083acd","3","1768025075931","0.57495004","9.016951","3.15105","-0.4618625","-0.0402875","-0.4566375","0.13185715675354004","0.47464096546173096","-0.2537246322631841","15.3277166","74.1245853","0.122867666","0.5541178077797714","0.0"
"dcfdbdd7-160d-437d-9195-a5ecfc083acd","3","1768025075941","0.42195","9.45705","2.5189502","-0.35433748","-0.0526625","-0.417175","-0.5618798732757568","0.8915843963623047","-0.07099014282226612","15.3277166","74.1245853","0.122867666","1.056253439382349","0.0"
"dcfdbdd7-160d-437d-9195-a5ecfc083acd","3","1768025075952","0.42195","9.45705","2.5189502","-0.35433748","-0.0526625","-0.417175","-0.5618798732757568","0.8915843963623047","-0.07099014282226612","15.3277166","74.1245853","0.122867666","1.056253439382349","0.0"
"dcfdbdd7-160d-437d-9195-a5ecfc083acd","3","1768025075963","0.48000002","9.342","3.1890001","-0.2102375","-0.081125","-0.3485625","0.023354053497314453","0.6284797191619873","0.052939834594726065","15.3277166","74.1245853","0.122867666","0.63113769915891","0.0"
"dcfdbdd7-160d-437d-9195-a5ecfc083acd","3","1768025075974","0.48000002","9.342","3.1890001","-0.2102375","-0.081125","-0.3485625","0.023354053497314453","0.6284797191619873","0.052939834594726065","15.3277166","74.1245853","0.122867666","0.63113769915891","0.0"
"dcfdbdd7-160d-437d-9195-a5ecfc083acd","3","1768025075986","0.40305","9.189","4.6639504","-0.019524999","-0.14025","-0.3122625","1.10833740234375","-0.20014715194702148","0.4410557174682612","15.3277166","74.1245853","0.122867666","1.2095457104954894","0.0"
"dcfdbdd7-160d-437d-9195-a5ecfc083acd","3","1768025075997","0.40305","9.189","4.6639504","-0.019524999","-0.14025","-0.3122625","1.10833740234375","-0.20014715194702148","0.4410557174682612","15.3277166","74.1245853","0.122867666","1.2095457104954894","0.0"
"dcfdbdd7-160d-437d-9195-a5ecfc083acd","4","1768025076008","0.34605002","9.24705","5.9089503","0.0587125","-0.1689875","-0.270875","1.990814447402954","-0.8672542572021484","0.9523376846313472","15.3277133","74.1245831","0.121311106","2.3711640972721764","0.0"
"dcfdbdd7-160d-437d-9195-a5ecfc083acd","4","1768025076019","0.34605002","9.24705","5.9089503","0.0587125","-0.1689875","-0.270875","1.990814447402954","-0.8672542572021484","0.9523376846313472","15.3277133","74.1245831","0.121311106","2.3711640972721764","0.0"
"dcfdbdd7-160d-437d-9195-a5ecfc083acd","4","1768025076030","0.34605002","9.24705","5.9089503","0.0587125","-0.1689875","-0.270875","1.990814447402954","-0.8672542572021484","0.9523376846313472","15.3277133","74.1245831","0.121311106","2.3711640972721764","0.0"
"dcfdbdd7-160d-437d-9195-a5ecfc083acd","4","1768025076041","0.36495003","9.24705","6.3679504","-0.0446875","-0.1232","-0.177925","2.3520448207855225","-1.0763030052185059","1.1216692352294917","15.3277133","74.1245831","0.121311106","2.8193412122846535","0.0"
"dcfdbdd7-160d-437d-9195-a5ecfc083acd","4","1768025076052","0.36495003","9.24705","6.3679504","-0.0446875","-0.1232","-0.177925","2.3520448207855225","-1.0763030052185059","1.1216692352294917","15.3277133","74.1245831","0.121311106","2.8193412122846535","0.0"
"dcfdbdd7-160d-437d-9195-a5ecfc083acd","4","1768025076062","0.32595003","9.151051","5.6790004","-0.103125","-0.0881375","-0.103675","1.816441535949707","-0.7127819061279297","0.7867693328857417","15.3277133","74.1245831","0.121311106","2.103930579272085","0.0"
"dcfdbdd7-160d-437d-9195-a5ecfc083acd","4","1768025076073","0.32595003","9.151051","5.6790004","-0.103125","-0.0881375","-0.103675","1.816441535949707","-0.7127819061279297","0.7867693328857417","15.3277133","74.1245831","0.121311106","2.103930579272085","0.0"
"dcfdbdd7-160d-437d-9195-a5ecfc083acd","4","1768025076084","0.36495003","9.036","4.51095","-0.4973375","0.044","0.0171875","0.9570579528808594","-0.030098438262939453","0.250531616210937","15.3277133","74.1245831","0.121311106","0.9897635737284098","0.0"
"dcfdbdd7-160d-437d-9195-a5ecfc083acd","4","1768025076095","0.36495003","9.036","4.51095","-0.4973375","0.044","0.0171875","0.9570579528808594","-0.030098438262939453","0.250531616210937","15.3277133","74.1245831","0.121311106","0.9897635737284098","0.0"
"dcfdbdd7-160d-437d-9195-a5ecfc083acd","4","1768025076105","0.32595003","8.80605","3.8209503","-0.463375","0.034925","0.043449998","0.3690609931945801","0.3256547451019287","-0.2178063964843755","15.3277133","74.1245831","0.121311106","0.5382347592405019","0.0"
"dcfdbdd7-160d-437d-9195-a5ecfc083acd","4","1768025076116","0.32595003","8.80605","3.8209503","-0.463375","0.034925","0.043449998","0.3690609931945801","0.3256547451019287","-0.2178063964843755","15.3277133","74.1245831","0.121311106","0.5382347592405019","0.0"
"dcfdbdd7-160d-437d-9195-a5ecfc083acd","4","1768025076127","0.25005","8.691","3.76395","-0.319825","-0.00935","0.0375375","0.21871328353881836","0.3206503391265869","-0.3436036682128911","15.3277133","74.1245831","0.121311106","0.518377874901776","0.0"
"dcfdbdd7-160d-437d-9195-a5ecfc083acd","4","1768025076137","0.25005","8.691","3.76395","-0.319825","-0.00935","0.0375375","0.21871328353881836","0.3206503391265869","-0.3436036682128911","15.3277133","74.1245831","0.121311106","0.518377874901776","0.0"
"dcfdbdd7-160d-437d-9195-a5ecfc083acd","4","1768025076148","0.231","8.481","3.85995","-0.1733875","-0.0529375","0.0053625","0.27503371238708496","0.23186445236206055","-0.4960027313232427","15.3277133","74.1245831","0.121311106","0.612718023807605","0.0"
"dcfdbdd7-160d-437d-9195-a5ecfc083acd","4","1768025076159","0.231","8.481","3.85995","-0.1733875","-0.0529375","0.0053625","0.27503371238708496","0.23186445236206055","-0.4960027313232427","15.3277133","74.1245831","0.121311106","0.612718023807605","0.0"
"dcfdbdd7-160d-437d-9195-a5ecfc083acd","4","1768025076170","0.231","8.481","3.85995","-0.1733875","-0.0529375","0.0053625","0.27503371238708496","0.23186445236206055","-0.4960027313232427","15.3277133","74.1245831","0.121311106","0.612718023807605","0.0"
"dcfdbdd7-160d-437d-9195-a5ecfc083acd","4","1768025076181","0.17295001","8.385","3.89805","-0.094875","-0.0642125","-0.010175","0.25838589668273926","0.15625977516174316","-0.5665288543701177","15.3277133","74.1245831","0.121311106","0.6419776723314136","0.0"
"dcfdbdd7-160d-437d-9195-a5ecfc083acd","4","1768025076191","0.17295001","8.385","3.89805","-0.094875","-0.0642125","-0.010175","0.25838589668273926","0.15625977516174316","-0.5665288543701177","15.3277133","74.1245831","0.121311106","0.6419776723314136","0.0"
"dcfdbdd7-160d-437d-9195-a5ecfc083acd","4","1768025076202","0.17295001","8.46195","3.8400002","-0.1788875","-0.0127875","-0.0100375","0.16738128662109375","0.21423816680908203","-0.5198865509033208","15.3277133","74.1245831","0.121311106","0.5866826340013824","0.0"
"dcfdbdd7-160d-437d-9195-a5ecfc083acd","4","1768025076213","0.17295001","8.46195","3.8400002","-0.1788875","-0.0127875","-0.0100375","0.16738128662109375","0.21423816680908203","-0.5198865509033208","15.3277133","74.1245831","0.121311106","0.5866826340013824","0.0"
"dcfdbdd7-160d-437d-9195-a5ecfc083acd","4","1768025076224","0.21195","8.634001","3.8400002","-0.1989625","0.0116875","-0.0254375","0.09971857070922852","0.30939579010009766","-0.36379295349121143","15.3277133","74.1245831","0.121311106","0.4878676678012326","0.0"
"dcfdbdd7-160d-437d-9195-a5ecfc083acd","4","1768025076235","0.21195","8.634001","3.8400002","-0.1989625","0.0116875","-0.0254375","0.09971857070922852","0.30939579010009766","-0.36379295349121143","15.3277133","74.1245831","0.121311106","0.4878676678012326","0.0"
"dcfdbdd7-160d-437d-9195-a5ecfc083acd","4","1768025076246","0.25005","8.787001","3.936","-0.2129875","0.0273625","-0.041249998","0.1041417121887207","0.3512275218963623","-0.1854587173461919","15.3277133","74.1245831","0.121311106","0.41061076970137145","0.0"
"dcfdbdd7-160d-437d-9195-a5ecfc083acd","4","1768025076256","0.25005","8.787001","3.936","-0.2129875","0.0273625","-0.041249998","0.1041417121887207","0.3512275218963623","-0.1854587173461919","15.3277133","74.1245831","0.121311106","0.41061076970137145","0.0"
"dcfdbdd7-160d-437d-9195-a5ecfc083acd","4","1768025076268","0.36495003","8.845051","3.9169502","-0.14245","-0.0176","-0.0715","0.10123229026794434","0.49229860305786133","-0.14263111114502003","15.3277133","74.1245831","0.121311106","0.5224457149140742","0.0"
"dcfdbdd7-160d-437d-9195-a5ecfc083acd","4","1768025076278","0.36495003","8.845051","3.9169502","-0.14245","-0.0176","-0.0715","0.10123229026794434","0.49229860305786133","-0.14263111114502003","15.3277133","74.1245831","0.121311106","0.5224457149140742","0.0"
"dcfdbdd7-160d-437d-9195-a5ecfc083acd","4","1768025076289","0.36495003","8.845051","3.9169502","-0.14245","-0.0176","-0.0715","0.10123229026794434","0.49229860305786133","-0.14263111114502003","15.3277133","74.1245831","0.121311106","0.5224457149140742","0.0"
"dcfdbdd7-160d-437d-9195-a5ecfc083acd","4","1768025076300","0.42195","8.76795","4.05105","-0.0044","-0.0752125","-0.0922625","0.2323012351989746","0.4596068859100342","-0.15594440460205128","15.3277133","74.1245831","0.121311106","0.538071566594609","0.0"
"dcfdbdd7-160d-437d-9195-a5ecfc083acd","4","1768025076311","0.42195","8.76795","4.05105","-0.0044","-0.0752125","-0.0922625","0.2323012351989746","0.4596068859100342","-0.15594440460205128","15.3277133","74.1245831","0.121311106","0.538071566594609","0.0"
"dcfdbdd7-160d-437d-9195-a5ecfc083acd","4","1768025076322","0.384","8.787001","4.1280003","0.320925","-0.2165625","-0.1376375","0.2513456344604492","0.38657259941101074","-0.10502105712890675","15.3277133","74.1245831","0.121311106","0.47290847425076304","0.0"
"dcfdbdd7-160d-437d-9195-a5ecfc083acd","4","1768025076332","0.384","8.787001","4.1280003","0.320925","-0.2165625","-0.1376375","0.2513456344604492","0.38657259941101074","-0.10502105712890675","15.3277133","74.1245831","0.121311106","0.47290847425076304","0.0"
"dcfdbdd7-160d-437d-9195-a5ecfc083acd","4","1768025076343","0.34605002","8.90205","4.1659503","0.3018125","-0.24213749","-0.1406625","0.26596999168395996","0.31235194206237793","0.016143264770507315","15.3277133","74.1245831","0.121311106","0.4105659230671191","0.0"
"dcfdbdd7-160d-437d-9195-a5ecfc083acd","4","1768025076354","0.34605002","8.90205","4.1659503","0.3018125","-0.24213749","-0.1406625","0.26596999168395996","0.31235194206237793","0.016143264770507315","15.3277133","74.1245831","0.121311106","0.4105659230671191","0.0"
"dcfdbdd7-160d-437d-9195-a5ecfc083acd","4","1768025076365","0.26895002","9.11295","4.434","0.2255","-0.2440625","-0.1354375","0.39026594161987305","0.11184549331665039","0.31984371185302685","15.3277133","74.1245831","0.121311106","0.5168335511319028","0.0"
"dcfdbdd7-160d-437d-9195-a5ecfc083acd","4","1768025076376","0.26895002","9.11295","4.434","0.2255","-0.2440625","-0.1354375","0.39026594161987305","0.11184549331665039","0.31984371185302685","15.3277133","74.1245831","0.121311106","0.5168335511319028","0.0"
"dcfdbdd7-160d-437d-9195-a5ecfc083acd","4","1768025076387","0.26895002","9.11295","4.434","0.2255","-0.2440625","-0.1354375","0.39026594161987305","0.11184549331665039","0.31984371185302685","15.3277133","74.1245831","0.121311106","0.5168335511319028","0.0"
"dcfdbdd7-160d-437d-9195-a5ecfc083acd","4","1768025076398","0.26895002","9.47595","3.9550502","0.1491875","-0.266475","-0.13859999","-0.026959896087646484","0.43715476989746094","0.4523863220214839","15.3277133","74.1245831","0.121311106","0.6296701622224801","0.0"
"dcfdbdd7-160d-437d-9195-a5ecfc083acd","4","1768025076408","0.26895002","9.47595","3.9550502","0.1491875","-0.266475","-0.13859999","-0.026959896087646484","0.43715476989746094","0.4523863220214839","15.3277133","74.1245831","0.121311106","0.6296701622224801","0.0"
"dcfdbdd7-160d-437d-9195-a5ecfc083acd","4","1768025076419","0.30705002","9.189","3.20895","0.0809875","-0.2685375","-0.1359875","-0.39580345153808594","0.774535059928894","-0.110888061523438","15.3277133","74.1245831","0.121311106","0.8768472463872731","0.0"
"dcfdbdd7-160d-437d-9195-a5ecfc083acd","4","1768025076430","0.30705002","9.189","3.20895","0.0809875","-0.2685375","-0.1359875","-0.39580345153808594","0.774535059928894","-0.110888061523438","15.3277133","74.1245831","0.121311106","0.8768472463872731","0.0"
"dcfdbdd7-160d-437d-9195-a5ecfc083acd","4","1768025076441","0.40305","9.09405","3.6490502","0.1351625","-0.305525","-0.1458875","0.035747528076171875","0.5411150455474854","-0.01787715911865284","15.3277133","74.1245831","0.121311106","0.5425891365476897","0.0"
"dcfdbdd7-160d-437d-9195-a5ecfc083acd","4","1768025076452","0.40305","9.09405","3.6490502","0.1351625","-0.305525","-0.1458875","0.035747528076171875","0.5411150455474854","-0.01787715911865284","15.3277133","74.1245831","0.121311106","0.5425891365476897","0.0"
"dcfdbdd7-160d-437d-9195-a5ecfc083acd","4","1768025076462","0.51795","8.920951","5.181","0.151525","-0.3232625","-0.1452","1.2501392364501953","-0.32714009284973145","0.43814796447753857","15.3277133","74.1245831","0.121311106","1.364493455329786","0.0"
"dcfdbdd7-160d-437d-9195-a5ecfc083acd","4","1768025076473","0.51795","8.920951","5.181","0.151525","-0.3232625","-0.1452","1.2501392364501953","-0.32714009284973145","0.43814796447753857","15.3277133","74.1245831","0.121311106","1.364493455329786","0.0"
"dcfdbdd7-160d-437d-9195-a5ecfc083acd","4","1768025076484","0.42195","8.710951","6.06195","0.1117875","-0.336325","-0.117699996","1.864130973815918","-0.9991648197174072","0.5982956314086909","15.3277133","74.1245831","0.121311106","2.1980155338540093","0.0"
"dcfdbdd7-160d-437d-9195-a5ecfc083acd","4","1768025076495","0.42195","8.710951","6.06195","0.1117875","-0.336325","-0.117699996","1.864130973815918","-0.9991648197174072","0.5982956314086909","15.3277133","74.1245831","0.121311106","2.1980155338540093","0.0"
"dcfdbdd7-160d-437d-9195-a5ecfc083acd","4","1768025076506","0.42195","8.710951","6.06195","0.1117875","-0.336325","-0.117699996","1.864130973815918","-0.9991648197174072","0.5982956314086909","15.3277133","74.1245831","0.121311106","2.1980155338540093","0.0"
"dcfdbdd7-160d-437d-9195-a5ecfc083acd","4","1768025076516","0.26895002","8.634001","5.56395","-0.0121","-0.32725","-0.100099996","1.4122560024261475","-0.8632078170776367","0.3308214569091792","15.3277133","74.1245831","0.121311106","1.6879092357719159","0.0"
"dcfdbdd7-160d-437d-9195-a5ecfc083acd","4","1768025076527","0.26895002","8.634001","5.56395","-0.0121","-0.32725","-0.100099996","1.4122560024261475","-0.8632078170776367","0.3308214569091792","15.3277133","74.1245831","0.121311106","1.6879092357719159","0.0"
"dcfdbdd7-160d-437d-9195-a5ecfc083acd","4","1768025076538","0.46005002","8.557051","4.7980504","-0.2121625","-0.2998875","-0.0947375","0.961479902267456","-0.2794656753540039","-0.03996997833252003","15.3277133","74.1245831","0.121311106","1.0020689923020312","0.0"
"dcfdbdd7-160d-437d-9195-a5ecfc083acd","4","1768025076549","0.46005002","8.557051","4.7980504","-0.2121625","-0.2998875","-0.0947375","0.961479902267456","-0.2794656753540039","-0.03996997833252003","15.3277133","74.1245831","0.121311106","1.0020689923020312","0.0"
"dcfdbdd7-160d-437d-9195-a5ecfc083acd","4","1768025076560","0.51795","8.59605","4.70205","-0.298925","-0.3073125","-0.111237496","0.8156461715698242","-0.14026641845703125","-0.03325801849365284","15.3277133","74.1245831","0.121311106","0.8282870523782189","0.0"
"dcfdbdd7-160d-437d-9195-a5ecfc083acd","4","1768025076571","0.51795","8.59605","4.70205","-0.298925","-0.3073125","-0.111237496","0.8156461715698242","-0.14026641845703125","-0.03325801849365284","15.3277133","74.1245831","0.121311106","0.8282870523782189","0.0"
"dcfdbdd7-160d-437d-9195-a5ecfc083acd","4","1768025076581","0.69000006","8.500051","4.6639504","-0.2946625","-0.3172125","-0.1199","0.8282570838928223","0.018911123275756836","-0.12531906127929737","15.3277133","74.1245831","0.121311106","0.8378975442869592","0.0"
"dcfdbdd7-160d-437d-9195-a5ecfc083acd","4","1768025076592","0.69000006","8.500051","4.6639504","-0.2946625","-0.3172125","-0.1199","0.8282570838928223","0.018911123275756836","-0.12531906127929737","15.3277133","74.1245831","0.121311106","0.8378975442869592","0.0"
"dcfdbdd7-160d-437d-9195-a5ecfc083acd","4","1768025076603","0.69000006","8.500051","4.6639504","-0.2946625","-0.3172125","-0.1199","0.8282570838928223","0.018911123275756836","-0.12531906127929737","15.3277133","74.1245831","0.121311106","0.8378975442869592","0.0"
"dcfdbdd7-160d-437d-9195-a5ecfc083acd","4","1768025076614","0.537","8.422951","4.70205","-0.2858625","-0.3337125","-0.110275","0.6900687217712402","-0.10446977615356445","-0.173784790039063","15.3277133","74.1245831","0.121311106","0.7192426072929012","0.0"
"dcfdbdd7-160d-437d-9195-a5ecfc083acd","4","1768025076625","0.537","8.422951","4.70205","-0.2858625","-0.3337125","-0.110275","0.6900687217712402","-0.10446977615356445","-0.173784790039063","15.3277133","74.1245831","0.121311106","0.7192426072929012","0.0"
"dcfdbdd7-160d-437d-9195-a5ecfc083acd","4","1768025076635","0.384","8.481","5.16195","-0.2784375","-0.3443","-0.09185","0.7712986469268799","-0.44284558296203613","0.0859350585937495","15.3277133","74.1245831","0.121311106","0.8935315592611894","0.0"
"dcfdbdd7-160d-437d-9195-a5ecfc083acd","4","1768025076646","0.384","8.481","5.16195","-0.2784375","-0.3443","-0.09185","0.7712986469268799","-0.44284558296203613","0.0859350585937495","15.3277133","74.1245831","0.121311106","0.8935315592611894","0.0"
"dcfdbdd7-160d-437d-9195-a5ecfc083acd","4","1768025076657","0.25005","8.500051","5.334","-0.3100625","-0.3345375","-0.080025","0.6944899559020996","-0.6008291244506836","0.18608039855956982","15.3277133","74.1245831","0.121311106","0.9369833778489156","0.0"
"dcfdbdd7-160d-437d-9195-a5ecfc083acd","4","1768025076667","0.25005","8.500051","5.334","-0.3100625","-0.3345375","-0.080025","0.6944899559020996","-0.6008291244506836","0.18608039855956982","15.3277133","74.1245831","0.121311106","0.9369833778489156","0.0"
"dcfdbdd7-160d-437d-9195-a5ecfc083acd","4","1768025076678","0.441","8.442","5.0470505","-0.454575","-0.296175","-0.0842875","0.567241907119751","-0.25714683532714844","0.015818061828612784","15.3277133","74.1245831","0.121311106","0.6230072930485113","0.0"
"dcfdbdd7-160d-437d-9195-a5ecfc083acd","4","1768025076689","0.441","8.442","5.0470505","-0.454575","-0.296175","-0.0842875","0.567241907119751","-0.25714683532714844","0.015818061828612784","15.3277133","74.1245831","0.121311106","0.6230072930485113","0.0"
"dcfdbdd7-160d-437d-9195-a5ecfc083acd","4","1768025076700","0.57495004","8.404051","4.5679502","-0.5248375","-0.27115","-0.0881375","0.279003381729126","0.1851952075958252","-0.23332744598388722","15.3277133","74.1245831","0.121311106","0.4081443972200439","0.0"
"dcfdbdd7-160d-437d-9195-a5ecfc083acd","4","1768025076711","0.57495004","8.404051","4.5679502","-0.5248375","-0.27115","-0.0881375","0.279003381729126","0.1851952075958252","-0.23332744598388722","15.3277133","74.1245831","0.121311106","0.4081443972200439","0.0"
"dcfdbdd7-160d-437d-9195-a5ecfc083acd","4","1768025076722","0.57495004","8.404051","4.5679502","-0.5248375","-0.27115","-0.0881375","0.279003381729126","0.1851952075958252","-0.23332744598388722","15.3277133","74.1245831","0.121311106","0.4081443972200439","0.0"
"dcfdbdd7-160d-437d-9195-a5ecfc083acd","4","1768025076733","0.72900003","8.404051","4.5490503","-0.4096125","-0.2817375","-0.1067","0.27601170539855957","0.3727281093597412","-0.23721271514892628","15.3277133","74.1245831","0.121311106","0.520940089887728","0.0"
"dcfdbdd7-160d-437d-9195-a5ecfc083acd","4","1768025076743","0.72900003","8.404051","4.5490503","-0.4096125","-0.2817375","-0.1067","0.27601170539855957","0.3727281093597412","-0.23721271514892628","15.3277133","74.1245831","0.121311106","0.520940089887728","0.0"
"dcfdbdd7-160d-437d-9195-a5ecfc083acd","4","1768025076754","0.70905006","8.481","4.64505","-0.3317875","-0.2759625","-0.1060125","0.21325182914733887","0.369326114654541","-0.12368350982666065","15.3277133","74.1245831","0.121311106","0.4440447412182095","0.0"
"dcfdbdd7-160d-437d-9195-a5ecfc083acd","4","1768025076765","0.70905006","8.481","4.64505","-0.3317875","-0.2759625","-0.1060125","0.21325182914733887","0.369326114654541","-0.12368350982666065","15.3277133","74.1245831","0.121311106","0.4440447412182095","0.0"
"dcfdbdd7-160d-437d-9195-a5ecfc083acd","4","1768025076776","0.70905006","8.404051","4.5679502","-0.2077625","-0.2734875","-0.0935","0.13369536399841309","0.42717838287353516","-0.2289453125000005","15.3277133","74.1245831","0.121311106","0.5027641368125213","0.0"
"dcfdbdd7-160d-437d-9195-a5ecfc083acd","4","1768025076787","0.70905006","8.404051","4.5679502","-0.2077625","-0.2734875","-0.0935","0.13369536399841309","0.42717838287353516","-0.2289453125000005","15.3277133","74.1245831","0.121311106","0.5027641368125213","0.0"
"dcfdbdd7-160d-437d-9195-a5ecfc083acd","4","1768025076798","0.70905006","8.404051","4.5679502","-0.2077625","-0.2734875","-0.0935","0.13369536399841309","0.42717838287353516","-0.2289453125000005","15.3277133","74.1245831","0.121311106","0.5027641368125213","0.0"
"dcfdbdd7-160d-437d-9195-a5ecfc083acd","4","1768025076809","0.633","8.422951","4.51095","-0.05995","-0.264825","-0.0504625","-1.971721649169922E-4","0.4300854206085205","-0.24388938903808643","15.3277133","74.1245831","0.121311106","0.4944244552833544","0.0"
"dcfdbdd7-160d-437d-9195-a5ecfc083acd","4","1768025076820","0.55605","8.51895","4.5870004","-0.0356125","-0.2440625","-0.021175","-0.06557488441467285","0.34542202949523926","-0.12502914428710987","15.3277133","74.1245831","0.121311106","0.3731604625999043","0.0"
"dcfdbdd7-160d-437d-9195-a5ecfc083acd","4","1768025076830","0.55605","8.51895","4.5870004","-0.0356125","-0.2440625","-0.021175","-0.06557488441467285","0.34542202949523926","-0.12502914428710987","15.3277133","74.1245831","0.121311106","0.3731604625999043","0.0"
"dcfdbdd7-160d-437d-9195-a5ecfc083acd","4","1768025076841","0.55605","8.51895","4.5870004","-0.0356125","-0.2440625","-0.021175","-0.06557488441467285","0.34542202949523926","-0.12502914428710987","15.3277133","74.1245831","0.121311106","0.3731604625999043","0.0"
"dcfdbdd7-160d-437d-9195-a5ecfc083acd","4","1768025076852","0.32595003","8.710951","4.7790003","-0.022275","-0.19305","-0.020075","-0.2057955265045166","0.11042928695678711","0.12837165832519482","15.3277133","74.1245831","0.121311106","0.266506489242225","0.0"
"dcfdbdd7-160d-437d-9195-a5ecfc083acd","4","1768025076863","0.32595003","8.710951","4.7790003","-0.022275","-0.19305","-0.020075","-0.2057955265045166","0.11042928695678711","0.12837165832519482","15.3277133","74.1245831","0.121311106","0.266506489242225","0.0"
"dcfdbdd7-160d-437d-9195-a5ecfc083acd","4","1768025076874","0.30705002","8.710951","4.9510503","-0.015675","-0.16555","-0.0268125","-0.1299121379852295","-0.02313685417175293","0.21349472045898388","15.3277133","74.1245831","0.121311106","0.25098301392866795","0.0"
"dcfdbdd7-160d-437d-9195-a5ecfc083acd","4","1768025076885","0.30705002","8.710951","4.9510503","-0.015675","-0.16555","-0.0268125","-0.1299121379852295","-0.02313685417175293","0.21349472045898388","15.3277133","74.1245831","0.121311106","0.25098301392866795","0.0"
"dcfdbdd7-160d-437d-9195-a5ecfc083acd","4","1768025076896","0.28800002","8.787001","5.0280004","-0.00605","-0.1287","-0.0251625","-0.1347026824951172","-0.06662344932556152","0.31682342529296825","15.3277133","74.1245831","0.121311106","0.35065735338901","0.0"
"dcfdbdd7-160d-437d-9195-a5ecfc083acd","4","1768025076906","0.28800002","8.787001","5.0280004","-0.00605","-0.1287","-0.0251625","-0.1347026824951172","-0.06662344932556152","0.31682342529296825","15.3277133","74.1245831","0.121311106","0.35065735338901","0.0"
"dcfdbdd7-160d-437d-9195-a5ecfc083acd","4","1768025076917","0.34605002","8.845051","5.14305","0.033825","-0.0675125","-0.015262499","-0.052899837493896484","-0.08687114715576172","0.4269565963745112","15.3277133","74.1245831","0.121311106","0.43890423124270056","0.0"
"dcfdbdd7-160d-437d-9195-a5ecfc083acd","4","1768025076928","0.34605002","8.845051","5.14305","0.033825","-0.0675125","-0.015262499","-0.052899837493896484","-0.08687114715576172","0.4269565963745112","15.3277133","74.1245831","0.121311106","0.43890423124270056","0.0"
"dcfdbdd7-160d-437d-9195-a5ecfc083acd","4","1768025076939","0.34605002","8.845051","5.14305","0.033825","-0.0675125","-0.015262499","-0.052899837493896484","-0.08687114715576172","0.4269565963745112","15.3277133","74.1245831","0.121311106","0.43890423124270056","0.0"
"dcfdbdd7-160d-437d-9195-a5ecfc083acd","4","1768025076950","0.40305","8.845051","5.2579503","0.0583","-0.0323125","-0.0072875","0.05733013153076172","-0.1293182373046875","0.486768188476562","15.3277133","74.1245831","0.121311106","0.506905533402112","0.0"
"dcfdbdd7-160d-437d-9195-a5ecfc083acd","4","1768025076961","0.40305","8.845051","5.2579503","0.0583","-0.0323125","-0.0072875","0.05733013153076172","-0.1293182373046875","0.486768188476562","15.3277133","74.1245831","0.121311106","0.506905533402112","0.0"
"dcfdbdd7-160d-437d-9195-a5ecfc083acd","4","1768025076973","0.69000006","8.845051","5.2000504","0.05995","0.011275","-5.5E-4","0.2365739345550537","0.09271669387817383","0.47041744232177685","15.3277133","74.1245831","0.121311106","0.5346551990536705","0.0"
"dcfdbdd7-160d-437d-9195-a5ecfc083acd","4","1768025076984","0.69000006","8.845051","5.2000504","0.05995","0.011275","-5.5E-4","0.2365739345550537","0.09271669387817383","0.47041744232177685","15.3277133","74.1245831","0.121311106","0.5346551990536705","0.0"
