session_id,window_id,timestamp,accel_x,accel_y,accel_z,gyro_x,gyro_y,gyro_z,linear_accel_x,linear_accel_y,linear_accel_z,latitude,longitude,speed,vibration_intensity,anomaly_score,raw_magnitude,vibration_only
ae209483-ca8b-463e-b0e1-4ce8c7ffc756,4,1767701193048,-3.7129502,7.1020503,-5.3500504,-0.135025,0.07975,0.0499125,0.5226383209228516,-0.2266076207160949,-0.1910758590698247,15.4212267,73.981285,0.24758139,0.6008425851942742,0.0,0.16456934945867047,0.0018049298562234873
ae209483-ca8b-463e-b0e1-4ce8c7ffc756,4,1767701193059,-4.05795,6.834,-5.6179504,-0.1310375,0.0664125,0.0352,0.1500639915466308,-0.6090842485427856,-0.0972028350830083,15.4212267,73.981285,0.24758139,0.6347843842833657,0.0,0.15106451126091794,-0.00116897141460333
ae209483-ca8b-463e-b0e1-4ce8c7ffc756,4,1767701193070,-4.05795,6.834,-5.6179504,-0.1310375,0.0664125,0.0352,0.1500639915466308,-0.6090842485427856,-0.0972028350830083,15.4212267,73.981285,0.24758139,0.6347843842833657,0.0,0.15106451126091794,0.011562977200951287
ae209483-ca8b-463e-b0e1-4ce8c7ffc756,4,1767701193081,-3.426,7.1590505,-5.2540503,-0.0840125,0.048675,0.0125124995,0.5350055694580078,0.0206310153007507,-0.3069549179077153,15.4212267,73.981285,0.24758139,0.6171530764495623,0.0,0.0978974893701953,-0.027546582892775152
ae209483-ca8b-463e-b0e1-4ce8c7ffc756,4,1767701193092,-3.426,7.1590505,-5.2540503,-0.0840125,0.048675,0.0125124995,0.5350055694580078,0.0206310153007507,-0.3069549179077153,15.4212267,73.981285,0.24758139,0.6171530764495623,0.0,0.0978974893701953,-0.013196409146925658
ae209483-ca8b-463e-b0e1-4ce8c7ffc756,4,1767701193103,-3.426,7.1590505,-5.2540503,-0.0840125,0.048675,0.0125124995,0.5350055694580078,0.0206310153007507,-0.3069549179077153,15.4212267,73.981285,0.24758139,0.6171530764495623,0.0,0.0978974893701953,0.0003781865955209826
ae209483-ca8b-463e-b0e1-4ce8c7ffc756,4,1767701193114,-3.6750002,7.3510504,-5.3689504,-0.0686125,0.049225,0.0012375,0.53814697265625,-0.135665476322174,-0.0089154815673833,15.4212267,73.981285,0.24758139,0.5550556471709728,0.0,0.08445298803180383,-0.0012558364695586498
ae209483-ca8b-463e-b0e1-4ce8c7ffc756,4,1767701193124,-3.6750002,7.3510504,-5.3689504,-0.0686125,0.049225,0.0012375,0.53814697265625,-0.135665476322174,-0.0089154815673833,15.4212267,73.981285,0.24758139,0.5550556471709728,0.0,0.08445298803180383,0.007980526551439642
ae209483-ca8b-463e-b0e1-4ce8c7ffc756,4,1767701193135,-3.38805,7.04505,-5.427,-0.050875,0.0496375,-0.0033,0.2494349479675293,0.0239003896713256,-0.2967887496948247,15.4212267,73.981285,0.24758139,0.3884232019838962,0.0,0.0711550211246543,0.0007885028028026038
ae209483-ca8b-463e-b0e1-4ce8c7ffc756,4,1767701193146,-3.38805,7.04505,-5.427,-0.050875,0.0496375,-0.0033,0.2494349479675293,0.0239003896713256,-0.2967887496948247,15.4212267,73.981285,0.24758139,0.3884232019838962,0.0,0.0711550211246543,0.0035084468076634957
ae209483-ca8b-463e-b0e1-4ce8c7ffc756,4,1767701193157,-3.25305,7.04505,-4.9099503,-0.056925,0.0364375,0.0072875,0.6268935203552246,0.0768908262252807,-0.6490064239501958,15.4212267,73.981285,0.24758139,0.90560312684398,0.0,0.06797981088161396,-0.00027079713227389553
ae209483-ca8b-463e-b0e1-4ce8c7ffc756,4,1767701193167,-3.25305,7.04505,-4.9099503,-0.056925,0.0364375,0.0072875,0.6268935203552246,0.0768908262252807,-0.6490064239501958,15.4212267,73.981285,0.24758139,0.90560312684398,0.0,0.06797981088161396,-0.0038323978776099855
ae209483-ca8b-463e-b0e1-4ce8c7ffc756,4,1767701193178,-3.4450502,7.1980505,-5.3689504,-0.061325,0.0353375,0.022,0.3511347770690918,0.0059599876403808,-0.1984115219116216,15.4212267,73.981285,0.24758139,0.4033587548911269,0.0,0.07411811203241755,-0.003583827771098179
ae209483-ca8b-463e-b0e1-4ce8c7ffc756,4,1767701193188,-3.4450502,7.1980505,-5.3689504,-0.061325,0.0353375,0.022,0.3511347770690918,0.0059599876403808,-0.1984115219116216,15.4212267,73.981285,0.24758139,0.4033587548911269,0.0,0.07411811203241755,-0.01097504952227545
ae209483-ca8b-463e-b0e1-4ce8c7ffc756,4,1767701193199,-3.1000502,7.25505,-5.2540503,-0.064075,0.015675,0.070675,0.4183621406555176,0.319290280342102,-0.3456369018554692,15.4212267,73.981285,0.24758139,0.6296332518054081,0.0,0.09667609257205216,0.0036291892336045117
ae209483-ca8b-463e-b0e1-4ce8c7ffc756,4,1767701193210,-3.1000502,7.25505,-5.2540503,-0.064075,0.015675,0.070675,0.4183621406555176,0.319290280342102,-0.3456369018554692,15.4212267,73.981285,0.24758139,0.6296332518054081,0.0,0.09667609257205216,-0.003932632422372214
ae209483-ca8b-463e-b0e1-4ce8c7ffc756,4,1767701193221,-3.1000502,7.25505,-5.2540503,-0.064075,0.015675,0.070675,0.4183621406555176,0.319290280342102,-0.3456369018554692,15.4212267,73.981285,0.24758139,0.6296332518054081,0.0,0.09667609257205216,-0.010232999144795467
ae209483-ca8b-463e-b0e1-4ce8c7ffc756,4,1767701193232,-3.65595,6.8910003,-5.21595,-0.073699996,0.0086624995,0.098175,0.2736291885375976,-0.3391536474227905,-0.4362016296386724,15.4212267,73.981285,0.24758139,0.6165792658526235,0.0,0.12306526290138707,0.011807429855095244
ae209483-ca8b-463e-b0e1-4ce8c7ffc756,4,1767701193242,-3.65595,6.8910003,-5.21595,-0.073699996,0.0086624995,0.098175,0.2736291885375976,-0.3391536474227905,-0.4362016296386724,15.4212267,73.981285,0.24758139,0.6165792658526235,0.0,0.12306526290138707,0.009842238031472451
ae209483-ca8b-463e-b0e1-4ce8c7ffc756,4,1767701193253,-3.4639502,7.0639505,-5.2930503,-0.0661375,0.00825,0.09735,0.2694802284240722,-0.1101177930831909,-0.3321309661865239,15.4212267,73.981285,0.24758139,0.4416520129751437,0.0,0.11797988771926342,0.005294548398515978
ae209483-ca8b-463e-b0e1-4ce8c7ffc756,4,1767701193264,-3.4639502,7.0639505,-5.2930503,-0.0661375,0.00825,0.09735,0.2694802284240722,-0.1101177930831909,-0.3321309661865239,15.4212267,73.981285,0.24758139,0.4416520129751437,0.0,0.11797988771926342,0.00811921018918576
ae209483-ca8b-463e-b0e1-4ce8c7ffc756,4,1767701193275,-3.7129502,7.083,-5.44605,-0.0559625,0.0081124995,0.0944625,0.1616606712341308,-0.3230550289154053,-0.1412950134277348,15.4212267,73.981285,0.24758139,0.3878956111519526,0.0,0.11009440476535355,0.004807701257630066
ae209483-ca8b-463e-b0e1-4ce8c7ffc756,4,1767701193285,-3.7129502,7.083,-5.44605,-0.0559625,0.0081124995,0.0944625,0.1616606712341308,-0.3230550289154053,-0.1412950134277348,15.4212267,73.981285,0.24758139,0.3878956111519526,0.0,0.11009440476535355,0.010321896043176635
ae209483-ca8b-463e-b0e1-4ce8c7ffc756,4,1767701193296,-4.01895,6.60405,-5.6950502,-0.040975,0.0011,0.0864875,-0.3016953468322754,-0.7508366703987122,-0.2421222305297856,15.4212267,73.981285,0.24758139,0.8446294823367166,0.0,0.09570918598154515,0.0013945117961460423
ae209483-ca8b-463e-b0e1-4ce8c7ffc756,4,1767701193307,-4.01895,6.60405,-5.6950502,-0.040975,0.0011,0.0864875,-0.3016953468322754,-0.7508366703987122,-0.2421222305297856,15.4212267,73.981285,0.24758139,0.8446294823367166,0.0,0.09570918598154515,0.00572217823454701
ae209483-ca8b-463e-b0e1-4ce8c7ffc756,4,1767701193317,-4.01895,6.60405,-5.6950502,-0.040975,0.0011,0.0864875,-0.3016953468322754,-0.7508366703987122,-0.2421222305297856,15.4212267,73.981285,0.24758139,0.8446294823367166,0.0,0.09570918598154515,0.007894422713400727
ae209483-ca8b-463e-b0e1-4ce8c7ffc756,4,1767701193328,-3.8089502,6.7380004,-5.19705,-0.0155375,-0.0158125,0.077275,0.1433339118957519,-0.5797074437141418,-0.5061574554443364,15.4212267,73.981285,0.24758139,0.7828158789260791,0.0,0.08039200636568289,-0.008254757297096236
ae209483-ca8b-463e-b0e1-4ce8c7ffc756,4,1767701193339,-3.8089502,6.7380004,-5.19705,-0.0155375,-0.0158125,0.077275,0.1433339118957519,-0.5797074437141418,-0.5061574554443364,15.4212267,73.981285,0.24758139,0.7828158789260791,0.0,0.08039200636568289,-0.01264815120206365
ae209483-ca8b-463e-b0e1-4ce8c7ffc756,4,1767701193349,-4.28805,6.7189503,-5.9440503,0.0215875,-0.0452375,0.0639375,-0.4221596717834472,-0.9208833575248718,0.0812668228149409,15.4212267,73.981285,0.24758139,1.0162919084283923,0.0,0.08124318721437508,-0.019929023474760728
ae209483-ca8b-463e-b0e1-4ce8c7ffc756,4,1767701193360,-4.28805,6.7189503,-5.9440503,0.0215875,-0.0452375,0.0639375,-0.4221596717834472,-0.9208833575248718,0.0812668228149409,15.4212267,73.981285,0.24758139,1.0162919084283923,0.0,0.08124318721437508,-0.03154817987014437
ae209483-ca8b-463e-b0e1-4ce8c7ffc756,4,1767701193371,-3.7510502,6.5280004,-5.8099504,0.1109625,-0.0801625,0.0243375,-0.468362808227539,-0.4889317154884338,-0.3241010284423833,15.4212267,73.981285,0.24758139,0.750639340281776,0.0,0.13903602669362355,0.011820177372554721
ae209483-ca8b-463e-b0e1-4ce8c7ffc756,4,1767701193381,-3.7510502,6.5280004,-5.8099504,0.1109625,-0.0801625,0.0243375,-0.468362808227539,-0.4889317154884338,-0.3241010284423833,15.4212267,73.981285,0.24758139,0.750639340281776,0.0,0.13903602669362355,-0.004346650543572692
ae209483-ca8b-463e-b0e1-4ce8c7ffc756,4,1767701193392,-3.7510502,6.5280004,-5.8099504,0.1109625,-0.0801625,0.0243375,-0.468362808227539,-0.4889317154884338,-0.3241010284423833,15.4212267,73.981285,0.24758139,0.750639340281776,0.0,0.13903602669362355,-0.020907860576770198
ae209483-ca8b-463e-b0e1-4ce8c7ffc756,4,1767701193403,-4.24905,6.8910003,-5.6179504,0.1500125,-0.10725,-0.0209,-0.0312867164611816,-0.8204056620597839,0.009757461547851,15.4212267,73.981285,0.24758139,0.821059995994527,0.0,0.18558858439098563,0.010187772258198823
ae209483-ca8b-463e-b0e1-4ce8c7ffc756,4,1767701193414,-3.9049501,6.9100504,-5.3500504,0.1500125,-0.10725,-0.0209,0.161414623260498,-0.53108811378479,-0.2542501068115239,15.4212267,73.981285,0.24758139,0.6105345051833565,0.0,0.18558858439098563,-0.0026737677035791104
ae209483-ca8b-463e-b0e1-4ce8c7ffc756,4,1767701193424,-3.522,7.083,-5.3880005,0.1700875,-0.1265,-0.058849998,0.2143869400024414,-0.0863094329833984,-0.2417941665649419,15.4212267,73.981285,0.24758139,0.3344779473304047,0.0,0.2199893859277079,0.022779535967740672
ae209483-ca8b-463e-b0e1-4ce8c7ffc756,4,1767701193435,-3.522,7.083,-5.3880005,0.1700875,-0.1265,-0.058849998,0.2143869400024414,-0.0863094329833984,-0.2417941665649419,15.4212267,73.981285,0.24758139,0.3344779473304047,0.0,0.2199893859277079,0.018739500946920052
ae209483-ca8b-463e-b0e1-4ce8c7ffc756,4,1767701193446,-3.34905,7.083,-5.31195,0.159225,-0.1123375,-0.0572,0.2810215950012207,0.0956761837005615,-0.3488317108154302,15.4212267,73.981285,0.24758139,0.4580509048729776,0.0,0.20308656905676947,0.003249328182899662
ae209483-ca8b-463e-b0e1-4ce8c7ffc756,4,1767701193457,-3.34905,7.083,-5.31195,0.159225,-0.1123375,-0.0572,0.2810215950012207,0.0956761837005615,-0.3488317108154302,15.4212267,73.981285,0.24758139,0.4580509048729776,0.0,0.20308656905676947,0.010133147300213405
ae209483-ca8b-463e-b0e1-4ce8c7ffc756,4,1767701193468,-3.426,6.9300003,-5.31195,0.1442375,-0.102025,-0.0605,0.2204866409301757,-0.002165675163269,-0.4328666305541997,15.4212267,73.981285,0.24758139,0.4857906635835348,0.0,0.1867452998906532,0.005614304063049742
ae209483-ca8b-463e-b0e1-4ce8c7ffc756,4,1767701193478,-3.426,6.9300003,-5.31195,0.1442375,-0.102025,-0.0605,0.2204866409301757,-0.002165675163269,-0.4328666305541997,15.4212267,73.981285,0.24758139,0.4857906635835348,0.0,0.1867452998906532,0.02132521632885865
ae209483-ca8b-463e-b0e1-4ce8c7ffc756,4,1767701193489,-3.1000502,7.3320003,-5.1589503,0.115637496,-0.064899996,-0.043449998,0.5647363662719727,0.4368086457252502,-0.3509526824951177,15.4212267,73.981285,0.24758139,0.7955480763102364,0.0,0.13954190154985718,-0.0077578214140092885
ae209483-ca8b-463e-b0e1-4ce8c7ffc756,4,1767701193500,-3.1000502,7.3320003,-5.1589503,0.115637496,-0.064899996,-0.043449998,0.5647363662719727,0.4368086457252502,-0.3509526824951177,15.4212267,73.981285,0.24758139,0.7955480763102364,0.0,0.13954190154985718,0.010998973528658015
ae209483-ca8b-463e-b0e1-4ce8c7ffc756,4,1767701193511,-3.5790002,7.3699503,-5.3689504,0.0752125,-0.0251625,-0.0438625,0.4568161964416504,0.0493137836456298,-0.0253196334838872,15.4212267,73.981285,0.24758139,0.4601673287279562,0.0,0.09063106790030669,-0.02041830372783677
ae209483-ca8b-463e-b0e1-4ce8c7ffc756,4,1767701193522,-3.5790002,7.3699503,-5.3689504,0.0752125,-0.0251625,-0.0438625,0.4568161964416504,0.0493137836456298,-0.0253196334838872,15.4212267,73.981285,0.24758139,0.4601673287279562,0.0,0.09063106790030669,-0.006032139396709649
ae209483-ca8b-463e-b0e1-4ce8c7ffc756,4,1767701193532,-3.5790002,7.3699503,-5.3689504,0.0752125,-0.0251625,-0.0438625,0.4568161964416504,0.0493137836456298,-0.0253196334838872,15.4212267,73.981285,0.24758139,0.4601673287279562,0.0,0.09063106790030669,0.0036359094634530434
ae209483-ca8b-463e-b0e1-4ce8c7ffc756,4,1767701193543,-3.522,7.1020503,-5.637,0.042075,0.0215875,-0.034649998,0.0765132904052734,0.0585491061210632,-0.0832257843017583,15.4212267,73.981285,0.24758139,0.1273138351038882,0.0,0.05862549055359797,-0.024641948486571225
ae209483-ca8b-463e-b0e1-4ce8c7ffc756,4,1767701193554,-3.522,7.1020503,-5.637,0.042075,0.0215875,-0.034649998,0.0765132904052734,0.0585491061210632,-0.0832257843017583,15.4212267,73.981285,0.24758139,0.1273138351038882,0.0,0.05862549055359797,-0.027571902559400684
ae209483-ca8b-463e-b0e1-4ce8c7ffc756,4,1767701193564,-3.5020502,7.2739506,-5.025,-0.0264,0.0919875,0.0116875,0.6598281860351562,0.05380380153656,-0.3238473510742192,15.4212267,73.981285,0.24758139,0.7369838471391479,0.0,0.09641191737798807,0.0004806490788799774
ae209483-ca8b-463e-b0e1-4ce8c7ffc756,4,1767701193575,-3.5020502,7.2739506,-5.025,-0.0264,0.0919875,0.0116875,0.6598281860351562,0.05380380153656,-0.3238473510742192,15.4212267,73.981285,0.24758139,0.7369838471391479,0.0,0.09641191737798807,-0.015621869016467787
ae209483-ca8b-463e-b0e1-4ce8c7ffc756,4,1767701193586,-3.426,7.31295,-5.4079504,-0.0779625,0.121,0.02585,0.3563318252563476,0.1749479174613952,-0.0989194488525395,15.4212267,73.981285,0.24758139,0.4091016999181128,0.0,0.14624422691597094,0.012711387286754245
ae209483-ca8b-463e-b0e1-4ce8c7ffc756,4,1767701193597,-3.426,7.31295,-5.4079504,-0.0779625,0.121,0.02585,0.3563318252563476,0.1749479174613952,-0.0989194488525395,15.4212267,73.981285,0.24758139,0.4091016999181128,0.0,0.14624422691597094,-0.012768348941232154
ae209483-ca8b-463e-b0e1-4ce8c7ffc756,4,1767701193607,-3.081,7.12095,-5.2930503,-0.1483625,0.1584,0.0694375,0.2817907333374023,0.3855810761451721,-0.4297624206542974,15.4212267,73.981285,0.24758139,0.6424753083837085,0.0,0.22786741279195674,0.04112421710381557
ae209483-ca8b-463e-b0e1-4ce8c7ffc756,4,1767701193618,-3.081,7.12095,-5.2930503,-0.1483625,0.1584,0.0694375,0.2817907333374023,0.3855810761451721,-0.4297624206542974,15.4212267,73.981285,0.24758139,0.6424753083837085,0.0,0.22786741279195674,0.013034775952987288
ae209483-ca8b-463e-b0e1-4ce8c7ffc756,4,1767701193629,-3.081,7.12095,-5.2930503,-0.1483625,0.1584,0.0694375,0.2817907333374023,0.3855810761451721,-0.4297624206542974,15.4212267,73.981285,0.24758139,0.6424753083837085,0.0,0.22786741279195674,-0.013516879368047156
ae209483-ca8b-463e-b0e1-4ce8c7ffc756,4,1767701193639,-3.426,6.9679503,-5.21595,-0.1989625,0.18095,0.088,0.2668943405151367,-0.0341507792472839,-0.4599423980712895,15.4212267,73.981285,0.24758139,0.5328657187939332,0.0,0.2829716927649301,0.01832577270776196
ae209483-ca8b-463e-b0e1-4ce8c7ffc756,4,1767701193650,-3.426,6.9679503,-5.21595,-0.1989625,0.18095,0.088,0.2668943405151367,-0.0341507792472839,-0.4599423980712895,15.4212267,73.981285,0.24758139,0.5328657187939332,0.0,0.2829716927649301,-0.00016581526884743562
ae209483-ca8b-463e-b0e1-4ce8c7ffc756,4,1767701193661,-3.25305,7.1790004,-5.235,-0.20955,0.1923625,0.0939125,0.3202300071716308,0.1560645103454589,-0.3549085235595708,15.4212267,73.981285,0.24758139,0.5028552962610069,0.0,0.2995564914377587,0.0038071147395915207
ae209483-ca8b-463e-b0e1-4ce8c7ffc756,4,1767701193672,-3.25305,7.1790004,-5.235,-0.20955,0.1923625,0.0939125,0.3202300071716308,0.1560645103454589,-0.3549085235595708,15.4212267,73.981285,0.24758139,0.5028552962610069,0.0,0.2995564914377587,-0.002249120937195381
ae209483-ca8b-463e-b0e1-4ce8c7ffc756,4,1767701193682,-3.4830003,6.9679503,-5.3500504,-0.20047499,0.201575,0.0727375,0.0965480804443359,-0.1613431572914123,-0.3616490936279302,15.4212267,73.981285,0.24758139,0.4076066893025074,0.0,0.2934509263007191,-0.007640569161790598
ae209483-ca8b-463e-b0e1-4ce8c7ffc756,4,1767701193693,-3.4830003,6.9679503,-5.3500504,-0.20047499,0.201575,0.0727375,0.0965480804443359,-0.1613431572914123,-0.3616490936279302,15.4212267,73.981285,0.24758139,0.4076066893025074,0.0,0.2934509263007191,-0.00039568292146941847
ae209483-ca8b-463e-b0e1-4ce8c7ffc756,4,1767701193704,-4.03905,6.85305,-5.676,-0.17985,0.1890625,0.039325,-0.1874380111694336,-0.7127784490585327,-0.0656648254394536,15.4212267,73.981285,0.24758139,0.7399310743396535,0.0,0.2638884367137939,-0.016839120275637016
ae209483-ca8b-463e-b0e1-4ce8c7ffc756,4,1767701193715,-4.03905,6.85305,-5.676,-0.17985,0.1890625,0.039325,-0.1874380111694336,-0.7127784490585327,-0.0656648254394536,15.4212267,73.981285,0.24758139,0.7399310743396535,0.0,0.2638884367137939,0.0011428228464619291
ae209483-ca8b-463e-b0e1-4ce8c7ffc756,4,1767701193725,-4.03905,6.85305,-5.676,-0.17985,0.1890625,0.039325,-0.1874380111694336,-0.7127784490585327,-0.0656648254394536,15.4212267,73.981285,0.24758139,0.7399310743396535,0.0,0.2638884367137939,0.022703151735600845
ae209483-ca8b-463e-b0e1-4ce8c7ffc756,4,1767701193736,-3.6750002,7.1980505,-5.3310003,-0.128975,0.15565,0.0001375,0.2193226814270019,-0.3226228356361389,-0.1360679244995122,15.4212267,73.981285,0.24758139,0.4131614850634534,0.0,0.20214225691638552,-0.015367610333427652
ae209483-ca8b-463e-b0e1-4ce8c7ffc756,4,1767701193747,-3.6750002,7.1980505,-5.3310003,-0.128975,0.15565,0.0001375,0.2193226814270019,-0.3226228356361389,-0.1360679244995122,15.4212267,73.981285,0.24758139,0.4131614850634534,0.0,0.20214225691638552,0.008882266505630638
ae209483-ca8b-463e-b0e1-4ce8c7ffc756,4,1767701193758,-3.7129502,7.00605,-5.4079504,-0.1062875,0.1038125,-0.0506,0.0320377349853515,-0.4274117946624756,-0.2218309020996098,15.4212267,73.981285,0.24758139,0.4826139324614619,0.0,0.1569535848985298,-0.012997349213752807
ae209483-ca8b-463e-b0e1-4ce8c7ffc756,4,1767701193768,-3.7129502,7.00605,-5.4079504,-0.1062875,0.1038125,-0.0506,0.0320377349853515,-0.4274117946624756,-0.2218309020996098,15.4212267,73.981285,0.24758139,0.4826139324614619,0.0,0.1569535848985298,0.007979273856586616
ae209483-ca8b-463e-b0e1-4ce8c7ffc756,4,1767701193779,-3.69405,7.00605,-5.19705,-0.0694375,0.0638,-0.0873125,0.1994595527648925,-0.4187490344047546,-0.3482385253906255,15.4212267,73.981285,0.24758139,0.5800042565105213,0.0,0.1285125638313235,-0.0029968317628465252
ae209483-ca8b-463e-b0e1-4ce8c7ffc756,4,1767701193790,-3.69405,7.00605,-5.19705,-0.0694375,0.0638,-0.0873125,0.1994595527648925,-0.4187490344047546,-0.3482385253906255,15.4212267,73.981285,0.24758139,0.5800042565105213,0.0,0.1285125638313235,0.010063657624526377
ae209483-ca8b-463e-b0e1-4ce8c7ffc756,4,1767701193800,-4.03905,7.1790004,-4.9669504,-0.0386375,0.033825,-0.0950125,0.5193972587585449,-0.675162136554718,-0.2289243316650395,15.4212267,73.981285,0.24758139,0.8820565586578378,0.0,0.10800167678096484,-0.0023417522233992612
ae209483-ca8b-463e-b0e1-4ce8c7ffc756,4,1767701193811,-4.03905,7.1790004,-4.9669504,-0.0386375,0.033825,-0.0950125,0.5193972587585449,-0.675162136554718,-0.2289243316650395,15.4212267,73.981285,0.24758139,0.8820565586578378,0.0,0.10800167678096484,0.0006337444885172339
ae209483-ca8b-463e-b0e1-4ce8c7ffc756,4,1767701193822,-4.03905,7.1790004,-4.9669504,-0.0386375,0.033825,-0.0950125,0.5193972587585449,-0.675162136554718,-0.2289243316650395,15.4212267,73.981285,0.24758139,0.8820565586578378,0.0,0.10800167678096484,-0.0013112658558222146
ae209483-ca8b-463e-b0e1-4ce8c7ffc756,4,1767701193833,-4.05795,6.9100504,-5.3689504,-0.0226875,0.004125,-0.102437496,0.0398716926574707,-0.7247780561447144,-0.1915526962280278,15.4212267,73.981285,0.24758139,0.7507232632445259,0.0,0.10500085174892637,-0.01060098840282791
ae209483-ca8b-463e-b0e1-4ce8c7ffc756,4,1767701193843,-4.05795,6.9100504,-5.3689504,-0.0226875,0.004125,-0.102437496,0.0398716926574707,-0.7247780561447144,-0.1915526962280278,15.4212267,73.981285,0.24758139,0.7507232632445259,0.0,0.10500085174892637,-0.020333419691057262
ae209483-ca8b-463e-b0e1-4ce8c7ffc756,5,1767701193854,-3.7900503,6.7960505,-5.7520504,-0.005225,-0.0435875,-0.137225,-0.3731117248535156,-0.4535961151123047,-0.1512256240844731,15.4212233,73.9812783,0.18632944,0.6064907124168342,0.0,0.14407592236820838,0.006722093900203948
ae209483-ca8b-463e-b0e1-4ce8c7ffc756,5,1767701193865,-3.7900503,6.7960505,-5.7520504,-0.005225,-0.0435875,-0.137225,-0.3731117248535156,-0.4535961151123047,-0.1512256240844731,15.4212233,73.9812783,0.18632944,0.6064907124168342,0.0,0.14407592236820838,-0.006260079874809048
ae209483-ca8b-463e-b0e1-4ce8c7ffc756,5,1767701193875,-3.69405,6.5280004,-5.4079504,0.021175,-0.0796125,-0.157575,-0.2604928016662597,-0.462624728679657,-0.5782666778564458,15.4212233,73.9812783,0.18632944,0.7850289740035039,0.0,0.17781004304102171,0.014919767052792115
ae209483-ca8b-463e-b0e1-4ce8c7ffc756,5,1767701193886,-3.69405,6.5280004,-5.4079504,0.021175,-0.0796125,-0.157575,-0.2604928016662597,-0.462624728679657,-0.5782666778564458,15.4212233,73.9812783,0.18632944,0.7850289740035039,0.0,0.17781004304102171,0.0041415565873238235
ae209483-ca8b-463e-b0e1-4ce8c7ffc756,5,1767701193897,-3.3679502,6.9679503,-5.427,0.045375,-0.0963875,-0.15455,-0.0762505531311035,0.046921968460083,-0.3580308532714849,15.4212233,73.9812783,0.18632944,0.3690554292667644,0.0,0.18771026418725748,0.00623962008389172
ae209483-ca8b-463e-b0e1-4ce8c7ffc756,5,1767701193908,-3.3679502,6.9679503,-5.427,0.045375,-0.0963875,-0.15455,-0.0762505531311035,0.046921968460083,-0.3580308532714849,15.4212233,73.9812783,0.18632944,0.3690554292667644,0.0,0.18771026418725748,0.0023707983265481482
ae209483-ca8b-463e-b0e1-4ce8c7ffc756,5,1767701193919,-3.38805,6.642,-5.31195,0.0853875,-0.0952875,-0.1203125,-0.152200698852539,-0.0639935135841369,-0.6566053009033208,15.4212233,73.9812783,0.18632944,0.6770455994143857,0.0,0.17562981087716859,-0.009006074024986916
ae209483-ca8b-463e-b0e1-4ce8c7ffc756,5,1767701193930,-3.38805,6.642,-5.31195,0.0853875,-0.0952875,-0.1203125,-0.152200698852539,-0.0639935135841369,-0.6566053009033208,15.4212233,73.9812783,0.18632944,0.6770455994143857,0.0,0.17562981087716859,-0.003459703409080481
ae209483-ca8b-463e-b0e1-4ce8c7ffc756,5,1767701193941,-3.38805,6.642,-5.31195,0.0853875,-0.0952875,-0.1203125,-0.152200698852539,-0.0639935135841369,-0.6566053009033208,15.4212233,73.9812783,0.18632944,0.6770455994143857,0.0,0.17562981087716859,0.006809654243150492
ae209483-ca8b-463e-b0e1-4ce8c7ffc756,5,1767701193951,-3.31095,6.8910003,-5.1780005,0.1034,-0.0826375,-0.099,0.0992898941040039,0.12209153175354,-0.5777078247070317,15.4212233,73.9812783,0.18632944,0.5987580111571289,0.0,0.16529221520159382,0.010963457573299121
ae209483-ca8b-463e-b0e1-4ce8c7ffc756,5,1767701193962,-3.31095,6.8910003,-5.1780005,0.1034,-0.0826375,-0.099,0.0992898941040039,0.12209153175354,-0.5777078247070317,15.4212233,73.9812783,0.18632944,0.5987580111571289,0.0,0.16529221520159382,0.028833592360856784
ae209483-ca8b-463e-b0e1-4ce8c7ffc756,5,1767701193973,-3.25305,7.1400003,-4.9099503,0.0606375,-0.0506,-0.062975,0.4653034210205078,0.2699202299118042,-0.5698581314086919,15.4212233,73.9812783,0.18632944,0.7836469192574135,0.0,0.10101047980902773,-0.015319765090187424
ae209483-ca8b-463e-b0e1-4ce8c7ffc756,5,1767701193983,-3.25305,7.1400003,-4.9099503,0.0606375,-0.0506,-0.062975,0.4653034210205078,0.2699202299118042,-0.5698581314086919,15.4212233,73.9812783,0.18632944,0.7836469192574135,0.0,0.10101047980902773,0.005754870466905403
ae209483-ca8b-463e-b0e1-4ce8c7ffc756,5,1767701193994,-3.4830003,7.3320003,-5.5219502,0.0457875,-0.0119624995,-0.0078375,0.1131963729858398,0.2151855826377868,0.0043968582153315,15.4212233,73.9812783,0.18632944,0.2431822078082171,0.0,0.04796897910929,-0.026671052660992133
ae209483-ca8b-463e-b0e1-4ce8c7ffc756,5,1767701194005,-3.4830003,7.3320003,-5.5219502,0.0457875,-0.0119624995,-0.0078375,0.1131963729858398,0.2151855826377868,0.0043968582153315,15.4212233,73.9812783,0.18632944,0.2431822078082171,0.0,0.04796897910929,-0.007911961834181474
ae209483-ca8b-463e-b0e1-4ce8c7ffc756,5,1767701194016,-4.00005,7.2360005,-5.637,0.014712499,0.0144375,0.02695,0.0507516860961914,-0.2703660130500793,0.1930117034912104,15.4212233,73.9812783,0.18632944,0.3360461759026294,0.0,0.033929360929363245,-0.006343797444165852
ae209483-ca8b-463e-b0e1-4ce8c7ffc756,5,1767701194027,-4.00005,7.2360005,-5.637,0.014712499,0.0144375,0.02695,0.0507516860961914,-0.2703660130500793,0.1930117034912104,15.4212233,73.9812783,0.18632944,0.3360461759026294,0.0,0.033929360929363245,0.005000313380142905
ae209483-ca8b-463e-b0e1-4ce8c7ffc756,5,1767701194037,-4.00005,7.2360005,-5.637,0.014712499,0.0144375,0.02695,0.0507516860961914,-0.2703660130500793,0.1930117034912104,15.4212233,73.9812783,0.18632944,0.3360461759026294,0.0,0.033929360929363245,0.01120965710174543
ae209483-ca8b-463e-b0e1-4ce8c7ffc756,5,1767701194048,-4.8240004,6.642,-6.11595,0.00165,0.012375,0.017324999,-0.5393633842468262,-1.1917760372161863,0.3428692245483393,15.4212233,73.9812783,0.18632944,1.3523321664041297,0.0,0.021354594712848122,-0.0008860464990973214
ae209483-ca8b-463e-b0e1-4ce8c7ffc756,5,1767701194059,-4.8240004,6.642,-6.11595,0.00165,0.012375,0.017324999,-0.5393633842468262,-1.1917760372161863,0.3428692245483393,15.4212233,73.9812783,0.18632944,1.3523321664041297,0.0,0.021354594712848122,-0.00644809093509481
ae209483-ca8b-463e-b0e1-4ce8c7ffc756,5,1767701194070,-4.49805,6.0490503,-6.0390005,0.0077,0.0133375,-0.00165,-0.8285903930664062,-1.1077330112457275,-0.2507424926757817,15.4212233,73.9812783,0.18632944,1.4058827338433078,0.0,0.015488750958356843,-0.02395751415966552
ae209483-ca8b-463e-b0e1-4ce8c7ffc756,5,1767701194081,-4.49805,6.0490503,-6.0390005,0.0077,0.0133375,-0.00165,-0.8285903930664062,-1.1077330112457275,-0.2507424926757817,15.4212233,73.9812783,0.18632944,1.4058827338433078,0.0,0.015488750958356843,-0.041486275834967314
ae209483-ca8b-463e-b0e1-4ce8c7ffc756,5,1767701194091,-4.077,6.22095,-5.71395,0.123475,-0.00605,-0.0419375,-0.5104637145996094,-0.6662014126777649,-0.4683175659179692,15.4212233,73.9812783,0.18632944,0.9611029438743868,0.0,0.13054283600125285,0.05054013120642145
ae209483-ca8b-463e-b0e1-4ce8c7ffc756,5,1767701194102,-4.077,6.22095,-5.71395,0.123475,-0.00605,-0.0419375,-0.5104637145996094,-0.6662014126777649,-0.4683175659179692,15.4212233,73.9812783,0.18632944,0.9611029438743868,0.0,0.13054283600125285,0.022537221284744464
ae209483-ca8b-463e-b0e1-4ce8c7ffc756,5,1767701194113,-4.4220004,5.8960505,-5.8290005,0.1549625,-0.0358875,-0.0779625,-0.6918783187866211,-1.0610649585723877,-0.4992433166503911,15.4212233,73.9812783,0.18632944,1.3615426337567644,0.0,0.17714242989399803,0.03676987016025093
ae209483-ca8b-463e-b0e1-4ce8c7ffc756,5,1767701194124,-4.4220004,5.8960505,-5.8290005,0.1549625,-0.0358875,-0.0779625,-0.6918783187866211,-1.0610649585723877,-0.4992433166503911,15.4212233,73.9812783,0.18632944,1.3615426337567644,0.0,0.17714242989399803,0.0006976078900363946
ae209483-ca8b-463e-b0e1-4ce8c7ffc756,5,1767701194135,-4.4220004,5.8960505,-5.8290005,0.1549625,-0.0358875,-0.0779625,-0.6918783187866211,-1.0610649585723877,-0.4992433166503911,15.4212233,73.9812783,0.18632944,1.3615426337567644,0.0,0.17714242989399803,-0.038398931458377444
ae209483-ca8b-463e-b0e1-4ce8c7ffc756,5,1767701194145,-4.69005,5.6850004,-5.637,0.21395,-0.0785125,-0.1192125,-0.5793190002441406,-1.370110034942627,-0.6514649963378911,15.4212233,73.9812783,0.18632944,1.6239515551111383,0.0,0.2571972692555269,0.00022953434391257245
ae209483-ca8b-463e-b0e1-4ce8c7ffc756,5,1767701194156,-4.69005,5.6850004,-5.637,0.21395,-0.0785125,-0.1192125,-0.5793190002441406,-1.370110034942627,-0.6514649963378911,15.4212233,73.9812783,0.18632944,1.6239515551111383,0.0,0.2571972692555269,-0.042813282992277185
ae209483-ca8b-463e-b0e1-4ce8c7ffc756,5,1767701194167,-4.51695,5.9340005,-5.5609503,0.2915,-0.169675,-0.2187625,-0.3553113937377929,-1.067821741104126,-0.5756688690185552,15.4212233,73.9812783,0.18632944,1.2640744060582991,0.0,0.40201851578161174,0.0580968630050557
ae209483-ca8b-463e-b0e1-4ce8c7ffc756,5,1767701194177,-4.51695,5.9340005,-5.5609503,0.2915,-0.169675,-0.2187625,-0.3553113937377929,-1.067821741104126,-0.5756688690185552,15.4212233,73.9812783,0.18632944,1.2640744060582991,0.0,0.40201851578161174,0.014121075703597136
ae209483-ca8b-463e-b0e1-4ce8c7ffc756,5,1767701194188,-4.671,5.95305,-5.96295,0.297,-0.2072125,-0.2701875,-0.5766167640686035,-1.0502519607543943,-0.2507987594604497,15.4212233,73.9812783,0.18632944,1.2240980726315591,0.0,0.4518266319203639,0.020767321032667332
ae209483-ca8b-463e-b0e1-4ce8c7ffc756,5,1767701194199,-4.671,5.95305,-5.96295,0.297,-0.2072125,-0.2701875,-0.5766167640686035,-1.0502519607543943,-0.2507987594604497,15.4212233,73.9812783,0.18632944,1.2240980726315591,0.0,0.4518266319203639,-0.020614701824027252
ae209483-ca8b-463e-b0e1-4ce8c7ffc756,5,1767701194209,-4.76595,5.8759503,-5.65605,0.297,-0.2072125,-0.2701875,-0.2994871139526367,-1.0995138883590698,-0.4327188110351567,15.4212233,73.9812783,0.18632944,1.2189622190789344,0.0,0.4518266319203639,-0.059164654753655836
ae209483-ca8b-463e-b0e1-4ce8c7ffc756,5,1767701194221,-4.76595,5.8759503,-5.65605,0.328625,-0.25025,-0.3331625,-0.2994871139526367,-1.0995138883590698,-0.4327188110351567,15.4212233,73.9812783,0.18632944,1.2189622190789344,0.0,0.5306757056161984,-0.014914644140402581
ae209483-ca8b-463e-b0e1-4ce8c7ffc756,5,1767701194233,-4.6320004,5.8000503,-6.0199504,0.3788125,-0.2732125,-0.361625,-0.5903525352478027,-0.8386839032173157,-0.3082156753540044,15.4212233,73.9812783,0.18632944,1.0709359028080367,0.0,0.5906916462398126,0.015597075229278532
ae209483-ca8b-463e-b0e1-4ce8c7ffc756,5,1767701194244,-4.6320004,5.8000503,-6.0199504,0.3788125,-0.2732125,-0.361625,-0.5903525352478027,-0.8386839032173157,-0.3082156753540044,15.4212233,73.9812783,0.18632944,1.0709359028080367,0.0,0.5906916462398126,-0.007705956352887152
ae209483-ca8b-463e-b0e1-4ce8c7ffc756,5,1767701194254,-4.6320004,5.8000503,-6.0199504,0.3788125,-0.2732125,-0.361625,-0.5903525352478027,-0.8386839032173157,-0.3082156753540044,15.4212233,73.9812783,0.18632944,1.0709359028080367,0.0,0.5906916462398126,-0.023818166822049222
ae209483-ca8b-463e-b0e1-4ce8c7ffc756,5,1767701194265,-4.19205,6.22095,-5.44605,0.4417875,-0.2916375,-0.3716625,0.1095881462097168,-0.2356722354888916,-0.5436387634277349,15.4212233,73.9812783,0.18632944,0.6025728748220007,0.0,0.6468088129182765,0.024163982641695534
ae209483-ca8b-463e-b0e1-4ce8c7ffc756,5,1767701194276,-4.19205,6.22095,-5.44605,0.4417875,-0.2916375,-0.3716625,0.1095881462097168,-0.2356722354888916,-0.5436387634277349,15.4212233,73.9812783,0.18632944,0.6025728748220007,0.0,0.6468088129182765,0.024506934990944702
ae209483-ca8b-463e-b0e1-4ce8c7ffc756,5,1767701194286,-4.51695,6.22095,-5.6950502,0.4624125,-0.2803625,-0.33165,0.0421576499938964,-0.3504862785339355,-0.2490373229980473,15.4212233,73.9812783,0.18632944,0.4320156098332664,0.0,0.6343659622508919,0.021034379124349842
ae209483-ca8b-463e-b0e1-4ce8c7ffc756,5,1767701194297,-4.51695,6.22095,-5.6950502,0.4624125,-0.2803625,-0.33165,0.0421576499938964,-0.3504862785339355,-0.2490373229980473,15.4212233,73.9812783,0.18632944,0.4320156098332664,0.0,0.6343659622508919,0.03839145063028702
ae209483-ca8b-463e-b0e1-4ce8c7ffc756,5,1767701194307,-4.671,6.1060505,-6.11595,0.4263875,-0.25685,-0.270325,-0.2496109008789062,-0.3396162986755371,0.0047506713867182,15.4212233,73.9812783,0.18632944,0.4215061103261439,0.0,0.5664396069143205,-0.004425776790020679
ae209483-ca8b-463e-b0e1-4ce8c7ffc756,5,1767701194318,-4.671,6.1060505,-6.11595,0.4263875,-0.25685,-0.270325,-0.2496109008789062,-0.3396162986755371,0.0047506713867182,15.4212233,73.9812783,0.18632944,0.4215061103261439,0.0,0.5664396069143205,0.02743850959467284
ae209483-ca8b-463e-b0e1-4ce8c7ffc756,5,1767701194329,-3.9619503,6.2400002,-5.5609503,0.3271125,-0.208725,-0.1846625,0.2210712432861328,0.3349623680114746,-0.5689092254638677,15.4212233,73.9812783,0.18632944,0.6962255305645068,0.0,0.4297312557721395,-0.07194498095145077
ae209483-ca8b-463e-b0e1-4ce8c7ffc756,5,1767701194339,-3.9619503,6.2400002,-5.5609503,0.3271125,-0.208725,-0.1846625,0.2210712432861328,0.3349623680114746,-0.5689092254638677,15.4212233,73.9812783,0.18632944,0.6962255305645068,0.0,0.4297312557721395,-0.030663128949160085
ae209483-ca8b-463e-b0e1-4ce8c7ffc756,5,1767701194350,-3.9619503,6.2400002,-5.5609503,0.3271125,-0.208725,-0.1846625,0.2210712432861328,0.3349623680114746,-0.5689092254638677,15.4212233,73.9812783,0.18632944,0.6962255305645068,0.0,0.4297312557721395,0.012965037992479746
ae209483-ca8b-463e-b0e1-4ce8c7ffc756,5,1767701194360,-4.728,6.3739505,-5.8290005,0.26345,-0.1733875,-0.145475,0.2643790245056152,-0.1470274925231933,0.0321020507812495,15.4212233,73.9812783,0.18632944,0.3042102789528327,0.0,0.34732132569315405,-0.02508429666382198
ae209483-ca8b-463e-b0e1-4ce8c7ffc756,5,1767701194371,-4.728,6.3739505,-5.8290005,0.26345,-0.1733875,-0.145475,0.2643790245056152,-0.1470274925231933,0.0321020507812495,15.4212233,73.9812783,0.18632944,0.3042102789528327,0.0,0.34732132569315405,0.01848797519919425
ae209483-ca8b-463e-b0e1-4ce8c7ffc756,5,1767701194381,-4.728,6.3739505,-5.8290005,0.26345,-0.1733875,-0.145475,0.2643790245056152,-0.1470274925231933,0.0321020507812495,15.4212233,73.9812783,0.18632944,0.3042102789528327,0.0,0.34732132569315405,0.05992622671807435
ae209483-ca8b-463e-b0e1-4ce8c7ffc756,5,1767701194392,-4.7850003,6.20205,-5.9050503,0.2072125,-0.1434125,-0.117699996,0.1453208923339843,-0.1948659420013427,-0.003257331848145,15.4212233,73.9812783,0.18632944,0.2431080157287807,0.0,0.27813208080137036,0.02893357257075657
ae209483-ca8b-463e-b0e1-4ce8c7ffc756,5,1767701194402,-4.70895,5.8380003,-6.4030504,0.1175625,-0.0979,-0.0682,-0.4409193992614746,-0.1324218511581421,0.0410713577270502,15.4212233,73.9812783,0.18632944,0.4622037643018413,0.0,0.167501019120034,-0.04757109742783468
ae209483-ca8b-463e-b0e1-4ce8c7ffc756,5,1767701194413,-4.70895,5.8380003,-6.4030504,0.1175625,-0.0979,-0.0682,-0.4409193992614746,-0.1324218511581421,0.0410713577270502,15.4212233,73.9812783,0.18632944,0.4622037643018413,0.0,0.167501019120034,-0.018047648574950108
ae209483-ca8b-463e-b0e1-4ce8c7ffc756,5,1767701194424,-4.479,6.1060505,-5.5030503,0.0886875,-0.0776875,-0.0427625,0.390472412109375,0.0291906595230102,-0.4571643447875981,15.4212233,73.9812783,0.18632944,0.6019302595541911,0.0,0.1254171109488255,-0.03545744238542696
ae209483-ca8b-463e-b0e1-4ce8c7ffc756,5,1767701194434,-4.479,6.1060505,-5.5030503,0.0886875,-0.0776875,-0.0427625,0.390472412109375,0.0291906595230102,-0.4571643447875981,15.4212233,73.9812783,0.18632944,0.6019302595541911,0.0,0.1254171109488255,-0.015628484326509928
ae209483-ca8b-463e-b0e1-4ce8c7ffc756,5,1767701194445,-4.479,6.1060505,-5.5030503,0.0886875,-0.0776875,-0.0427625,0.390472412109375,0.0291906595230102,-0.4571643447875981,15.4212233,73.9812783,0.18632944,0.6019302595541911,0.0,0.1254171109488255,-0.000449269095345443
ae209483-ca8b-463e-b0e1-4ce8c7ffc756,5,1767701194456,-4.7850003,5.8960505,-6.09705,0.088275,-0.0771375,-0.0011,-0.1311292648315429,-0.1736655235290527,-0.0741716003417973,15.4212233,73.9812783,0.18632944,0.229904381113419,0.0,0.11723429332430849,0.002207905086684408
ae209483-ca8b-463e-b0e1-4ce8c7ffc756,5,1767701194466,-4.7850003,5.8960505,-6.09705,0.088275,-0.0771375,-0.0011,-0.1311292648315429,-0.1736655235290527,-0.0741716003417973,15.4212233,73.9812783,0.18632944,0.229904381113419,0.0,0.11723429332430849,0.009051961704345836
ae209483-ca8b-463e-b0e1-4ce8c7ffc756,5,1767701194477,-4.26795,5.6850004,-5.886,0.1043625,-0.081675,0.0287375,-0.1711201667785644,0.1453678607940673,-0.5834508514404302,15.4212233,73.9812783,0.18632944,0.6251630367166072,0.0,0.1356030270218921,0.030569352600093875
ae209483-ca8b-463e-b0e1-4ce8c7ffc756,5,1767701194487,-4.26795,5.6850004,-5.886,0.1043625,-0.081675,0.0287375,-0.1711201667785644,0.1453678607940673,-0.5834508514404302,15.4212233,73.9812783,0.18632944,0.6251630367166072,0.0,0.1356030270218921,0.030224834586060612
ae209483-ca8b-463e-b0e1-4ce8c7ffc756,5,1767701194498,-4.69005,5.6659503,-5.8669505,0.09955,-0.079475,0.0402875,-0.0963630676269531,-0.220601201057434,-0.404537734985352,15.4212233,73.9812783,0.18632944,0.4707456953999028,0.0,0.13360224841390209,0.024465273197197095
ae209483-ca8b-463e-b0e1-4ce8c7ffc756,5,1767701194509,-4.69005,5.6659503,-5.8669505,0.09955,-0.079475,0.0402875,-0.0963630676269531,-0.220601201057434,-0.404537734985352,15.4212233,73.9812783,0.18632944,0.4707456953999028,0.0,0.13360224841390209,0.017258997744248366
ae209483-ca8b-463e-b0e1-4ce8c7ffc756,5,1767701194519,-5.14905,5.9340005,-5.71395,0.1101375,-0.0653125,0.0353375,0.2609796524047851,-0.5104787349700928,-0.1122861480712895,15.4212233,73.9812783,0.18632944,0.5842149406465708,0.0,0.13283346893290862,0.005737487106612714
ae209483-ca8b-463e-b0e1-4ce8c7ffc756,5,1767701194530,-5.14905,5.9340005,-5.71395,0.1101375,-0.0653125,0.0353375,0.2609796524047851,-0.5104787349700928,-0.1122861480712895,15.4212233,73.9812783,0.18632944,0.5842149406465708,0.0,0.13283346893290862,-0.008652622498965128
ae209483-ca8b-463e-b0e1-4ce8c7ffc756,5,1767701194541,-5.14905,5.9340005,-5.71395,0.1101375,-0.0653125,0.0353375,0.2609796524047851,-0.5104787349700928,-0.1122861480712895,15.4212233,73.9812783,0.18632944,0.5842149406465708,0.0,0.13283346893290862,-0.026675502945894203
ae209483-ca8b-463e-b0e1-4ce8c7ffc756,5,1767701194551,-5.3980503,5.4360003,-6.1930504,0.13805,-0.0633875,0.01705,-0.3598456382751465,-0.8032271862030029,0.001639785766601,15.4212233,73.9812783,0.18632944,0.8801508307890196,0.0,0.1528609831063833,-0.0281193615305494
ae209483-ca8b-463e-b0e1-4ce8c7ffc756,5,1767701194562,-5.3980503,5.4360003,-6.1930504,0.13805,-0.0633875,0.01705,-0.3598456382751465,-0.8032271862030029,0.001639785766601,15.4212233,73.9812783,0.18632944,0.8801508307890196,0.0,0.1528609831063833,-0.05261171833911347
ae209483-ca8b-463e-b0e1-4ce8c7ffc756,5,1767701194573,-5.14905,5.0149503,-6.4800005,0.1755875,-0.1247125,-0.0738375,-0.8478081226348877,-0.6743210554122925,-0.1933808898925786,15.4212233,73.9812783,0.18632944,1.1004015935801286,0.0,0.22767554593928177,-0.004610760285170897
ae209483-ca8b-463e-b0e1-4ce8c7ffc756,5,1767701194584,-5.14905,5.0149503,-6.4800005,0.1755875,-0.1247125,-0.0738375,-0.8478081226348877,-0.6743210554122925,-0.1933808898925786,15.4212233,73.9812783,0.18632944,1.1004015935801286,0.0,0.22767554593928177,-0.03278708346510045
ae209483-ca8b-463e-b0e1-4ce8c7ffc756,5,1767701194594,-4.4599504,5.2639503,-6.1540504,0.2233,-0.186175,-0.156475,-0.4981060028076172,-0.0046827793121337,-0.5782867050170903,15.4212233,73.9812783,0.18632944,0.7632476869631453,0.0,0.33016427161338946,0.04132390143584489
ae209483-ca8b-463e-b0e1-4ce8c7ffc756,5,1767701194606,-4.4599504,5.2639503,-6.1540504,0.2233,-0.186175,-0.156475,-0.4981060028076172,-0.0046827793121337,-0.5782867050170903,15.4212233,73.9812783,0.18632944,0.7632476869631453,0.0,0.33016427161338946,0.014017720603245866
ae209483-ca8b-463e-b0e1-4ce8c7ffc756,5,1767701194616,-4.5360003,5.11005,-6.078,0.2864125,-0.18259999,-0.1431375,-0.4893314838409424,-0.0960172414779663,-0.6786618804931646,15.4212233,73.9812783,0.18632944,0.8421677741243337,0.0,0.36859628377196113,0.027487110554315856
ae209483-ca8b-463e-b0e1-4ce8c7ffc756,5,1767701194627,-4.5360003,5.11005,-6.078,0.2864125,-0.18259999,-0.1431375,-0.4893314838409424,-0.0960172414779663,-0.6786618804931646,15.4212233,73.9812783,0.18632944,0.8421677741243337,0.0,0.36859628377196113,0.006021540347991426
ae209483-ca8b-463e-b0e1-4ce8c7ffc756,5,1767701194638,-4.5360003,5.11005,-6.078,0.2864125,-0.18259999,-0.1431375,-0.4893314838409424,-0.0960172414779663,-0.6786618804931646,15.4212233,73.9812783,0.18632944,0.8421677741243337,0.0,0.36859628377196113,-0.011017681553206782
ae209483-ca8b-463e-b0e1-4ce8c7ffc756,5,1767701194649,-5.0149503,5.41695,-5.886,0.372075,-0.1577125,-0.1082125,-0.02703857421875,-0.3554911613464355,-0.3754363632202153,15.4212233,73.9812783,0.18632944,0.5177427093829924,0.0,0.41835748282718693,0.026755872858702134
ae209483-ca8b-463e-b0e1-4ce8c7ffc756,5,1767701194660,-5.0149503,5.41695,-5.886,0.372075,-0.1577125,-0.1082125,-0.02703857421875,-0.3554911613464355,-0.3754363632202153,15.4212233,73.9812783,0.18632944,0.5177427093829924,0.0,0.41835748282718693,0.020096332711458574
ae209483-ca8b-463e-b0e1-4ce8c7ffc756,5,1767701194670,-5.322,5.6659503,-6.4800005,0.353925,-0.1483625,-0.0985875,-0.1932387351989746,-0.2838332653045654,0.3043054962158198,15.4212233,73.9812783,0.18632944,0.4588075482181037,0.0,0.39622447196948857,-0.0034457666687969972
ae209483-ca8b-463e-b0e1-4ce8c7ffc756,5,1767701194681,-5.322,5.6659503,-6.4800005,0.353925,-0.1483625,-0.0985875,-0.1932387351989746,-0.2838332653045654,0.3043054962158198,15.4212233,73.9812783,0.18632944,0.4588075482181037,0.0,0.39622447196948857,-4.272659181162318e-06
ae209483-ca8b-463e-b0e1-4ce8c7ffc756,5,1767701194692,-5.0340004,5.742,-5.7709503,0.340175,-0.128975,-0.0935,0.3785357475280761,-0.1335368156433105,-0.2468152618408208,15.4212233,73.9812783,0.18632944,0.4712103211585543,0.0,0.37562725040923217,-0.012968903404037379
ae209483-ca8b-463e-b0e1-4ce8c7ffc756,5,1767701194702,-5.0340004,5.742,-5.7709503,0.340175,-0.128975,-0.0935,0.3785357475280761,-0.1335368156433105,-0.2468152618408208,15.4212233,73.9812783,0.18632944,0.4712103211585543,0.0,0.37562725040923217,-0.0019817878093617044
ae209483-ca8b-463e-b0e1-4ce8c7ffc756,5,1767701194713,-4.90005,5.81895,-5.7709503,0.297275,-0.1329625,-0.1167375,0.4720716476440429,0.0599191188812255,-0.2733274078369145,15.4212233,73.9812783,0.18632944,0.5487711847315883,0.0,0.3459466663193909,-0.01824479040514661
ae209483-ca8b-463e-b0e1-4ce8c7ffc756,5,1767701194724,-4.90005,5.81895,-5.7709503,0.297275,-0.1329625,-0.1167375,0.4720716476440429,0.0599191188812255,-0.2733274078369145,15.4212233,73.9812783,0.18632944,0.5487711847315883,0.0,0.3459466663193909,-0.0033246210089454766
ae209483-ca8b-463e-b0e1-4ce8c7ffc756,5,1767701194735,-5.1109505,5.5129504,-6.3079505,0.2327875,-0.1419,-0.1500125,-0.0446324348449707,-0.057172417640686,0.003226699829101,15.4212233,73.9812783,0.18632944,0.072602693964196,0.0,0.3111741960903892,-0.022539484636762242
ae209483-ca8b-463e-b0e1-4ce8c7ffc756,5,1767701194745,-5.1109505,5.5129504,-6.3079505,0.2327875,-0.1419,-0.1500125,-0.0446324348449707,-0.057172417640686,0.003226699829101,15.4212233,73.9812783,0.18632944,0.072602693964196,0.0,0.3111741960903892,-0.00710521865700821
ae209483-ca8b-463e-b0e1-4ce8c7ffc756,5,1767701194756,-5.1109505,5.5129504,-6.3079505,0.2327875,-0.1419,-0.1500125,-0.0446324348449707,-0.057172417640686,0.003226699829101,15.4212233,73.9812783,0.18632944,0.072602693964196,0.0,0.3111741960903892,0.007562736139198442
ae209483-ca8b-463e-b0e1-4ce8c7ffc756,5,1767701194767,-5.16795,5.16795,-6.1740003,0.1964875,-0.1337875,-0.13805,-0.1488480567932129,-0.2432374954223632,-0.2469277954101567,15.4212233,73.9812783,0.18632944,0.3772181853206178,0.0,0.2748894965481584,-0.015358695734773253
ae209483-ca8b-463e-b0e1-4ce8c7ffc756,5,1767701194778,-5.16795,5.16795,-6.1740003,0.1964875,-0.1337875,-0.13805,-0.1488480567932129,-0.2432374954223632,-0.2469277954101567,15.4212233,73.9812783,0.18632944,0.3772181853206178,0.0,0.2748894965481584,-0.0037676076579036795
ae209483-ca8b-463e-b0e1-4ce8c7ffc756,5,1767701194789,-5.35995,4.90005,-5.65605,0.2184875,-0.1232,-0.0979,0.0846645832061767,-0.6176378726959229,-0.6262193298339849,15.4212233,73.9812783,0.18632944,0.8836262119785412,0.0,0.269257196108572,-2.2019763277560016e-05
ae209483-ca8b-463e-b0e1-4ce8c7ffc756,5,1767701194799,-5.35995,4.90005,-5.65605,0.2184875,-0.1232,-0.0979,0.0846645832061767,-0.6176378726959229,-0.6262193298339849,15.4212233,73.9812783,0.18632944,0.8836262119785412,0.0,0.269257196108572,0.006685000771492962
ae209483-ca8b-463e-b0e1-4ce8c7ffc756,5,1767701194810,-6.01095,4.90005,-5.5800004,0.24915,-0.143,-0.0620125,0.254178524017334,-1.1238232851028442,-0.3257594680786138,15.4212233,73.9812783,0.18632944,1.1973740974540248,0.0,0.29388819754500184,0.03484834011277633
ae209483-ca8b-463e-b0e1-4ce8c7ffc756,5,1767701194821,-6.01095,4.90005,-5.5800004,0.24915,-0.143,-0.0620125,0.254178524017334,-1.1238232851028442,-0.3257594680786138,15.4212233,73.9812783,0.18632944,1.1973740974540248,0.0,0.29388819754500184,0.03465069792346854
ae209483-ca8b-463e-b0e1-4ce8c7ffc756,5,1767701194831,-5.74305,5.1870003,-5.5030503,0.2413125,-0.156475,-0.048675,0.50543212890625,-0.7394517660140991,-0.3564878082275395,15.4212233,73.9812783,0.18632944,0.9640197656723378,0.0,0.29169402446099235,0.02794750574468732
ae209483-ca8b-463e-b0e1-4ce8c7ffc756,5,1767701194842,-5.74305,5.1870003,-5.5030503,0.2413125,-0.156475,-0.048675,0.50543212890625,-0.7394517660140991,-0.3564878082275395,15.4212233,73.9812783,0.18632944,0.9640197656723378,0.0,0.29169402446099235,0.01857641208595502
ae209483-ca8b-463e-b0e1-4ce8c7ffc756,6,1767701194853,-5.74305,5.1870003,-5.5030503,0.2413125,-0.156475,-0.048675,0.50543212890625,-0.7394517660140991,-0.3564878082275395,15.42122,73.9812767,0.15699027,0.9640197656723378,0.0,0.29169402446099235,0.0039052837634161734
ae209483-ca8b-463e-b0e1-4ce8c7ffc756,6,1767701194863,-5.9539504,5.0149503,-6.25005,0.17655,-0.19525,-0.0697125,-0.0957288742065429,-0.6906628608703613,0.148724975585937,15.42122,73.9812767,0.15699027,0.712950435237627,0.0,0.2723091949535491,-0.03568134945705619
ae209483-ca8b-463e-b0e1-4ce8c7ffc756,6,1767701194874,-5.9539504,5.0149503,-6.25005,0.17655,-0.19525,-0.0697125,-0.0957288742065429,-0.6906628608703613,0.148724975585937,15.42122,73.9812767,0.15699027,0.712950435237627,0.0,0.2723091949535491,-0.06134731906154283
ae209483-ca8b-463e-b0e1-4ce8c7ffc756,6,1767701194884,-6.8920503,4.6129503,-6.327,0.108899996,-0.29865,-0.1628,-0.3131074905395508,-1.5498313903808594,0.5007032775878901,15.42122,73.9812767,0.15699027,1.658528688756724,0.0,0.3571482488110505,-0.007208293775220101
ae209483-ca8b-463e-b0e1-4ce8c7ffc756,6,1767701194895,-6.8920503,4.6129503,-6.327,0.108899996,-0.29865,-0.1628,-0.3131074905395508,-1.5498313903808594,0.5007032775878901,15.42122,73.9812767,0.15699027,1.658528688756724,0.0,0.3571482488110505,-0.04212168635247591
ae209483-ca8b-463e-b0e1-4ce8c7ffc756,6,1767701194906,-6.9490504,4.287,-5.4079504,0.1172875,-0.3650625,-0.2253625,0.0971910953521728,-1.9199737310409544,-0.2069841003417973,15.42122,73.9812767,0.15699027,1.9335427729164365,0.0,0.44476425549806725,0.007556418573339805
ae209483-ca8b-463e-b0e1-4ce8c7ffc756,6,1767701194917,-6.9490504,4.287,-5.4079504,0.1172875,-0.3650625,-0.2253625,0.0971910953521728,-1.9199737310409544,-0.2069841003417973,15.42122,73.9812767,0.15699027,1.9335427729164365,0.0,0.44476425549806725,-0.031922395099734456
